"employee_id,gender,age_group,nationality,region_group,broad_region_group,department,job_level_before_num,job_level_before_title,job_level_after_num,job_level_after_title,seniority_group_after,fy19_perf_rating,fy20_perf_rating,new_hire_fy20,fy20_leaver,is_active_fy20,leaver_fy,promotion_in_fy20,promotion_in_fy21,in_base_group_for_promo_fy21,in_base_group_for_turnover_fy20,last_hire_date,time_in_job_level_at_2020_07_01"
"1,Male,30 to 39,Spain,Europe,Europe,Operations,6.0,Junior Officer,6,Junior Officer,Junior/IC,3.0,2.0,False,True,False,FY20,False,False,False,True,2017-04-01,3"
"2,Female,30 to 39,Germany,Europe,Europe,Sales & Marketing,4.0,Manager,4,Manager,Mid Management,,3.0,False,False,True,,False,False,True,True,2017-04-01,3"
"3,Male,30 to 39,Switzerland,Switzerland,Switzerland,Strategy,2.0,Director,2,Director,Senior Leadership,3.0,2.0,False,False,True,,False,False,True,True,2015-04-01,3"
"4,Male,30 to 39,Germany,Europe,Europe,Hr,4.0,Manager,4,Manager,Mid Management,3.0,3.0,False,False,True,,False,False,True,True,2012-04-01,3"
"5,Female,20 to 29,Switzerland,Switzerland,Switzerland,Sales & Marketing,6.0,Junior Officer,6,Junior Officer,Junior/IC,,2.0,False,False,True,,False,False,True,True,2019-04-01,1"
"6,Female,40 to 49,Italy,Europe,Europe,Internal Services,,,4,Manager,Mid Management,,,True,False,True,,False,False,False,False,2020-04-01,0"
"7,Male,30 to 39,Italy,Europe,Europe,Operations,,,3,Senior Manager,Mid Management,,,True,False,True,,False,False,False,False,2020-04-01,0"
"8,Female,30 to 39,Switzerland,Switzerland,Switzerland,Hr,5.0,Senior Officer,5,Senior Officer,Junior/IC,3.0,2.0,False,False,True,,False,False,True,True,2013-04-01,3"
"9,Female,20 to 29,United States,Americas,Elsewhere,Sales & Marketing,6.0,Junior Officer,6,Junior Officer,Junior/IC,,3.0,False,False,True,,False,False,True,True,2019-04-01,1"
"10,Male,20 to 29,Switzerland,Switzerland,Switzerland,Internal Services,6.0,Junior Officer,6,Junior Officer,Junior/IC,3.0,3.0,False,False,True,,False,False,True,True,2018-04-01,2"
"11,Male,30 to 39,Switzerland,Switzerland,Switzerland,Operations,4.0,Manager,4,Manager,Mid Management,2.0,3.0,False,False,True,,False,False,True,True,2011-04-01,2"
"12,Female,30 to 39,France,Europe,Europe,Strategy,6.0,Junior Officer,6,Junior Officer,Junior/IC,3.0,2.0,False,False,True,,False,True,True,True,2017-04-01,3"
"13,Male,20 to 29,Germany,Europe,Europe,Operations,5.0,Senior Officer,5,Senior Officer,Junior/IC,3.0,2.0,False,False,True,,False,False,True,True,2015-04-01,3"
"14,Male,20 to 29,Switzerland,Switzerland,Switzerland,Operations,6.0,Junior Officer,6,Junior Officer,Junior/IC,2.0,2.0,False,False,True,,False,False,True,True,2017-04-01,3"
"15,Male,20 to 29,France,Europe,Europe,Internal Services,6.0,Junior Officer,6,Junior Officer,Junior/IC,,3.0,False,True,False,FY20,False,False,False,True,2019-04-01,1"
"16,Male,30 to 39,Germany,Europe,Europe,Strategy,4.0,Manager,4,Manager,Mid Management,3.0,3.0,False,False,True,,False,False,True,True,2015-04-01,3"
"17,Male,20 to 29,Switzerland,Switzerland,Switzerland,Operations,6.0,Junior Officer,6,Junior Officer,Junior/IC,4.0,3.0,False,False,True,,False,False,True,True,2018-04-01,2"
"18,Female,30 to 39,Italy,Europe,Europe,Sales & Marketing,6.0,Junior Officer,6,Junior Officer,Junior/IC,3.0,2.0,False,False,True,,False,True,True,True,2016-04-01,4"
"19,Male,30 to 39,Switzerland,Switzerland,Switzerland,Sales & Marketing,5.0,Senior Officer,5,Senior Officer,Junior/IC,,2.0,False,False,True,,False,False,True,True,2017-04-01,3"
"20,Female,30 to 39,Germany,Europe,Europe,Operations,6.0,Junior Officer,5,Senior Officer,Junior/IC,1.0,2.0,False,False,True,,True,False,True,True,2012-04-01,1"
"21,Male,30 to 39,Switzerland,Switzerland,Switzerland,Strategy,3.0,Senior Manager,3,Senior Manager,Mid Management,3.0,3.0,False,True,False,FY20,False,False,False,True,2013-04-01,7"
"22,Male,20 to 29,Switzerland,Switzerland,Switzerland,Sales & Marketing,6.0,Junior Officer,6,Junior Officer,Junior/IC,3.0,3.0,False,True,False,FY20,False,False,False,True,2017-04-01,3"
"23,Male,40 to 49,Switzerland,Switzerland,Switzerland,Internal Services,2.0,Director,2,Director,Senior Leadership,,3.0,False,False,True,,False,False,True,True,2015-04-01,5"
"24,Male,20 to 29,United Kingdom,Europe,Europe,Sales & Marketing,5.0,Senior Officer,5,Senior Officer,Junior/IC,3.0,4.0,False,False,True,,False,False,True,True,2014-04-01,3"
"25,Male,30 to 39,France,Europe,Europe,Operations,4.0,Manager,4,Manager,Mid Management,3.0,2.0,False,False,True,,False,False,True,True,2014-04-01,3"
"26,Male,20 to 29,Switzerland,Switzerland,Switzerland,Internal Services,6.0,Junior Officer,6,Junior Officer,Junior/IC,3.0,2.0,False,False,True,,False,False,True,True,2018-04-01,2"
"27,Female,30 to 39,Switzerland,Switzerland,Switzerland,Internal Services,5.0,Senior Officer,5,Senior Officer,Junior/IC,2.0,3.0,False,False,True,,False,False,True,True,2016-04-01,3"
"28,Male,20 to 29,Italy,Europe,Europe,Sales & Marketing,5.0,Senior Officer,5,Senior Officer,Junior/IC,2.0,4.0,False,False,True,,False,False,True,True,2016-04-01,2"
"29,Female,30 to 39,Italy,Europe,Europe,Finance,5.0,Senior Officer,5,Senior Officer,Junior/IC,3.0,2.0,False,False,True,,False,False,True,True,2016-04-01,2"
"30,Male,20 to 29,Switzerland,Switzerland,Switzerland,Operations,6.0,Junior Officer,6,Junior Officer,Junior/IC,,2.0,False,False,True,,False,False,True,True,2019-04-01,1"
"31,Female,30 to 39,Switzerland,Switzerland,Switzerland,Operations,6.0,Junior Officer,6,Junior Officer,Junior/IC,2.0,2.0,False,False,True,,False,True,True,True,2017-04-01,3"
"32,Male,30 to 39,Switzerland,Switzerland,Switzerland,Sales & Marketing,4.0,Manager,4,Manager,Mid Management,2.0,1.0,False,False,True,,False,True,True,True,2012-04-01,2"
"33,Male,30 to 39,Germany,Europe,Europe,Sales & Marketing,5.0,Senior Officer,4,Manager,Mid Management,1.0,2.0,False,False,True,,True,False,True,True,2014-04-01,1"
"34,Female,30 to 39,Switzerland,Switzerland,Switzerland,Internal Services,5.0,Senior Officer,5,Senior Officer,Junior/IC,2.0,1.0,False,False,True,,False,True,True,True,2014-04-01,5"
"35,Male,20 to 29,Switzerland,Switzerland,Switzerland,Internal Services,5.0,Senior Officer,5,Senior Officer,Junior/IC,,3.0,False,False,True,,False,False,True,True,2017-04-01,3"
"36,Male,30 to 39,Portugal,Europe,Europe,Sales & Marketing,3.0,Senior Manager,3,Senior Manager,Mid Management,3.0,1.0,False,False,True,,False,False,True,True,2015-04-01,3"
"37,Male,20 to 29,Switzerland,Switzerland,Switzerland,Operations,6.0,Junior Officer,6,Junior Officer,Junior/IC,2.0,2.0,False,False,True,,False,False,True,True,2018-04-01,2"
"38,Female,20 to 29,Italy,Europe,Europe,Operations,,,6,Junior Officer,Junior/IC,,,True,False,True,,False,False,False,False,2020-04-01,0"
"39,Male,20 to 29,Switzerland,Switzerland,Switzerland,Internal Services,6.0,Junior Officer,5,Senior Officer,Junior/IC,2.0,3.0,False,False,True,,True,False,True,True,2015-04-01,1"
"40,Male,20 to 29,Germany,Europe,Europe,Operations,6.0,Junior Officer,6,Junior Officer,Junior/IC,2.0,3.0,False,False,True,,False,False,True,True,2017-04-01,3"
"41,Female,20 to 29,France,Europe,Europe,Operations,6.0,Junior Officer,6,Junior Officer,Junior/IC,3.0,2.0,False,False,True,,False,False,True,True,2018-04-01,2"
"42,Female,20 to 29,Switzerland,Switzerland,Switzerland,Operations,6.0,Junior Officer,6,Junior Officer,Junior/IC,,3.0,False,False,True,,False,False,True,True,2019-04-01,1"
"43,Male,40 to 49,Switzerland,Switzerland,Switzerland,Operations,3.0,Senior Manager,3,Senior Manager,Mid Management,2.0,2.0,False,False,True,,False,False,True,True,2016-04-01,4"
"44,Female,20 to 29,Italy,Europe,Europe,Sales & Marketing,6.0,Junior Officer,6,Junior Officer,Junior/IC,2.0,2.0,False,False,True,,False,False,True,True,2018-04-01,2"
"45,Male,50 to 59,Switzerland,Switzerland,Switzerland,Internal Services,2.0,Director,2,Director,Senior Leadership,3.0,2.0,False,True,False,FY20,False,False,False,True,2011-04-01,3"
"46,Male,20 to 29,France,Europe,Europe,Internal Services,6.0,Junior Officer,6,Junior Officer,Junior/IC,3.0,2.0,False,False,True,,False,False,True,True,2017-04-01,3"
"47,Female,30 to 39,Austria,Europe,Europe,Hr,4.0,Manager,4,Manager,Mid Management,3.0,2.0,False,False,True,,False,False,True,True,2016-04-01,2"
"48,Female,20 to 29,France,Europe,Europe,Operations,6.0,Junior Officer,6,Junior Officer,Junior/IC,3.0,3.0,False,False,True,,False,False,True,True,2017-04-01,3"
"49,Female,30 to 39,Switzerland,Switzerland,Switzerland,Hr,6.0,Junior Officer,6,Junior Officer,Junior/IC,2.0,2.0,False,False,True,,False,False,True,True,2018-04-01,2"
"50,Female,20 to 29,Austria,Europe,Europe,Operations,6.0,Junior Officer,6,Junior Officer,Junior/IC,3.0,3.0,False,False,True,,False,False,True,True,2018-04-01,2"
"51,Male,30 to 39,Switzerland,Switzerland,Switzerland,Operations,5.0,Senior Officer,5,Senior Officer,Junior/IC,3.0,2.0,False,False,True,,False,True,True,True,2012-04-01,6"
"52,Male,30 to 39,France,Europe,Europe,Sales & Marketing,4.0,Manager,4,Manager,Mid Management,3.0,2.0,False,False,True,,False,False,True,True,2012-04-01,2"
"53,Male,30 to 39,Switzerland,Switzerland,Switzerland,Sales & Marketing,5.0,Senior Officer,5,Senior Officer,Junior/IC,2.0,2.0,False,False,True,,False,False,True,True,2012-04-01,3"
"54,Male,30 to 39,Switzerland,Switzerland,Switzerland,Operations,5.0,Senior Officer,5,Senior Officer,Junior/IC,3.0,2.0,False,False,True,,False,True,True,True,2012-04-01,7"
"55,Female,20 to 29,Switzerland,Switzerland,Switzerland,Sales & Marketing,6.0,Junior Officer,6,Junior Officer,Junior/IC,3.0,2.0,False,False,True,,False,False,True,True,2017-04-01,3"
"56,Male,20 to 29,Switzerland,Switzerland,Switzerland,Sales & Marketing,,,6,Junior Officer,Junior/IC,,,True,False,True,,False,False,False,False,2020-04-01,0"
"57,Female,30 to 39,United Kingdom,Europe,Europe,Sales & Marketing,4.0,Manager,4,Manager,Mid Management,3.0,,False,True,False,FY20,False,False,False,True,2016-04-01,3"
"58,Male,30 to 39,Switzerland,Switzerland,Switzerland,Sales & Marketing,5.0,Senior Officer,5,Senior Officer,Junior/IC,3.0,2.0,False,False,True,,False,True,True,True,2018-04-01,2"
"59,Male,20 to 29,Switzerland,Switzerland,Switzerland,Operations,6.0,Junior Officer,6,Junior Officer,Junior/IC,,2.0,False,False,True,,False,False,True,True,2019-04-01,1"
"60,Male,30 to 39,France,Europe,Europe,Operations,6.0,Junior Officer,6,Junior Officer,Junior/IC,3.0,2.0,False,True,False,FY20,False,False,False,True,2017-04-01,3"
"61,Female,20 to 29,France,Europe,Europe,Sales & Marketing,6.0,Junior Officer,6,Junior Officer,Junior/IC,,3.0,False,False,True,,False,False,True,True,2019-04-01,1"
"62,Female,50 to 59,Switzerland,Switzerland,Switzerland,Operations,5.0,Senior Officer,5,Senior Officer,Junior/IC,3.0,3.0,False,True,False,FY20,False,False,False,True,2012-04-01,2"
"63,Male,20 to 29,United States,Americas,Elsewhere,Sales & Marketing,6.0,Junior Officer,6,Junior Officer,Junior/IC,,2.0,False,False,True,,False,False,True,True,2019-04-01,1"
"64,Male,30 to 39,Switzerland,Switzerland,Switzerland,Sales & Marketing,2.0,Director,2,Director,Senior Leadership,3.0,3.0,False,False,True,,False,False,True,True,2011-04-01,3"
"65,Female,40 to 49,France,Europe,Europe,Sales & Marketing,2.0,Director,2,Director,Senior Leadership,3.0,2.0,False,False,True,,False,False,True,True,2016-04-01,3"
"66,Female,30 to 39,Germany,Europe,Europe,Sales & Marketing,4.0,Manager,3,Senior Manager,Mid Management,2.0,3.0,False,False,True,,True,False,True,True,2015-04-01,1"
"67,Male,40 to 49,Switzerland,Switzerland,Switzerland,Operations,3.0,Senior Manager,2,Director,Senior Leadership,1.0,2.0,False,False,True,,True,False,True,True,2016-04-01,1"
"68,Male,20 to 29,Switzerland,Switzerland,Switzerland,Sales & Marketing,5.0,Senior Officer,5,Senior Officer,Junior/IC,3.0,3.0,False,False,True,,False,False,True,True,2014-04-01,5"
"69,Female,20 to 29,United Kingdom,Europe,Europe,Operations,6.0,Junior Officer,6,Junior Officer,Junior/IC,2.0,2.0,False,False,True,,False,False,True,True,2018-04-01,2"
"70,Male,20 to 29,Switzerland,Switzerland,Switzerland,Sales & Marketing,5.0,Senior Officer,5,Senior Officer,Junior/IC,3.0,2.0,False,False,True,,False,False,True,True,2016-04-01,4"
"71,Female,40 to 49,Portugal,Europe,Europe,Operations,4.0,Manager,4,Manager,Mid Management,3.0,3.0,False,False,True,,False,False,True,True,2011-04-01,4"
"72,Female,30 to 39,France,Europe,Europe,Operations,5.0,Senior Officer,5,Senior Officer,Junior/IC,3.0,2.0,False,False,True,,False,False,True,True,2016-04-01,4"
"73,Male,50 to 59,Switzerland,Switzerland,Switzerland,Operations,,,2,Director,Senior Leadership,,,True,False,True,,False,False,False,False,2020-04-01,0"
"74,Female,40 to 49,Switzerland,Switzerland,Switzerland,Sales & Marketing,5.0,Senior Officer,5,Senior Officer,Junior/IC,3.0,,False,True,False,FY20,False,False,False,True,2017-04-01,3"
"75,Female,20 to 29,Switzerland,Switzerland,Switzerland,Sales & Marketing,6.0,Junior Officer,6,Junior Officer,Junior/IC,2.0,3.0,False,False,True,,False,False,True,True,2017-04-01,3"
"76,Female,40 to 49,Switzerland,Switzerland,Switzerland,Internal Services,4.0,Manager,4,Manager,Mid Management,3.0,2.0,False,False,True,,False,True,True,True,2012-04-01,4"
"77,Male,40 to 49,Germany,Europe,Europe,Sales & Marketing,3.0,Senior Manager,3,Senior Manager,Mid Management,3.0,2.0,False,False,True,,False,False,True,True,2016-04-01,2"
"78,Female,30 to 39,Switzerland,Switzerland,Switzerland,Sales & Marketing,5.0,Senior Officer,5,Senior Officer,Junior/IC,3.0,2.0,False,False,True,,False,False,True,True,2012-04-01,3"
"79,Male,20 to 29,Germany,Europe,Europe,Sales & Marketing,,,6,Junior Officer,Junior/IC,,,True,False,True,,False,False,False,False,2020-04-01,0"
"80,Female,20 to 29,France,Europe,Europe,Operations,5.0,Senior Officer,5,Senior Officer,Junior/IC,2.0,3.0,False,False,True,,False,False,True,True,2014-04-01,3"
"81,Male,40 to 49,Switzerland,Switzerland,Switzerland,Operations,2.0,Director,2,Director,Senior Leadership,2.0,3.0,False,False,True,,False,False,True,True,2013-04-01,3"
"82,Male,20 to 29,Switzerland,Switzerland,Switzerland,Internal Services,6.0,Junior Officer,6,Junior Officer,Junior/IC,3.0,1.0,False,False,True,,False,False,True,True,2018-04-01,2"
"83,Female,20 to 29,Switzerland,Switzerland,Switzerland,Operations,6.0,Junior Officer,6,Junior Officer,Junior/IC,3.0,4.0,False,False,True,,False,False,True,True,2017-04-01,3"
"84,Female,20 to 29,France,Europe,Europe,Operations,6.0,Junior Officer,6,Junior Officer,Junior/IC,3.0,3.0,False,False,True,,False,False,True,True,2017-04-01,3"
"85,Male,30 to 39,France,Europe,Europe,Internal Services,2.0,Director,2,Director,Senior Leadership,4.0,4.0,False,True,False,FY20,False,False,False,True,2017-04-01,2"
"86,Female,20 to 29,Switzerland,Switzerland,Switzerland,Sales & Marketing,6.0,Junior Officer,6,Junior Officer,Junior/IC,3.0,2.0,False,False,True,,False,False,True,True,2018-04-01,2"
"87,Male,40 to 49,Switzerland,Switzerland,Switzerland,Internal Services,1.0,Executive,1,Executive,Senior Leadership,2.0,,False,False,True,,False,False,False,True,2011-04-01,3"
"88,Male,20 to 29,Switzerland,Switzerland,Switzerland,Hr,6.0,Junior Officer,6,Junior Officer,Junior/IC,3.0,2.0,False,False,True,,False,True,True,True,2017-04-01,3"
"89,Male,30 to 39,Germany,Europe,Europe,Internal Services,,,3,Senior Manager,Mid Management,,,True,False,True,,False,False,False,False,2020-04-01,0"
"90,Male,20 to 29,Switzerland,Switzerland,Switzerland,Sales & Marketing,6.0,Junior Officer,5,Senior Officer,Junior/IC,1.0,2.0,False,False,True,,True,False,True,True,2011-04-01,1"
"91,Male,30 to 39,Germany,Europe,Europe,Operations,6.0,Junior Officer,5,Senior Officer,Junior/IC,1.0,2.0,False,False,True,,True,True,True,True,2015-04-01,1"
"92,Male,20 to 29,Switzerland,Switzerland,Switzerland,Operations,6.0,Junior Officer,6,Junior Officer,Junior/IC,3.0,3.0,False,False,True,,False,False,True,True,2016-04-01,4"
"93,Male,30 to 39,Switzerland,Switzerland,Switzerland,Sales & Marketing,2.0,Director,2,Director,Senior Leadership,3.0,3.0,False,False,True,,False,False,True,True,2014-04-01,3"
"94,Male,40 to 49,Switzerland,Switzerland,Switzerland,Operations,4.0,Manager,4,Manager,Mid Management,3.0,2.0,False,True,False,FY20,False,False,False,True,2017-04-01,2"
"95,Male,40 to 49,Germany,Europe,Europe,Operations,3.0,Senior Manager,3,Senior Manager,Mid Management,3.0,4.0,False,True,False,FY20,False,False,False,True,2012-04-01,3"
"96,Male,20 to 29,France,Europe,Europe,Operations,6.0,Junior Officer,6,Junior Officer,Junior/IC,,2.0,False,False,True,,False,False,True,True,2019-04-01,1"
"97,Female,40 to 49,Germany,Europe,Europe,Hr,4.0,Manager,4,Manager,Mid Management,3.0,2.0,False,False,True,,False,False,True,True,2017-04-01,2"
"98,Male,40 to 49,Switzerland,Switzerland,Switzerland,Operations,2.0,Director,2,Director,Senior Leadership,3.0,3.0,False,False,True,,False,False,True,True,2011-04-01,3"
"99,Female,20 to 29,France,Europe,Europe,Sales & Marketing,6.0,Junior Officer,6,Junior Officer,Junior/IC,3.0,3.0,False,False,True,,False,False,True,True,2017-04-01,3"
"100,Male,30 to 39,Germany,Europe,Europe,Internal Services,3.0,Senior Manager,3,Senior Manager,Mid Management,3.0,3.0,False,False,True,,False,False,True,True,2014-04-01,2"
"101,Female,20 to 29,Germany,Europe,Europe,Sales & Marketing,6.0,Junior Officer,6,Junior Officer,Junior/IC,3.0,2.0,False,False,True,,False,False,True,True,2018-04-01,2"
"102,Female,40 to 49,Israel,Middle East,Elsewhere,Operations,4.0,Manager,4,Manager,Mid Management,,2.0,False,False,True,,False,False,True,True,2018-04-01,2"
"103,Male,20 to 29,France,Europe,Europe,Sales & Marketing,6.0,Junior Officer,6,Junior Officer,Junior/IC,3.0,2.0,False,False,True,,False,False,True,True,2015-04-01,5"
"104,Female,20 to 29,Switzerland,Switzerland,Switzerland,Sales & Marketing,5.0,Senior Officer,5,Senior Officer,Junior/IC,2.0,2.0,False,False,True,,False,False,True,True,2015-04-01,3"
"105,Male,30 to 39,France,Europe,Europe,Sales & Marketing,,,4,Manager,Mid Management,,,True,False,True,,False,False,False,False,2020-04-01,0"
"106,Male,30 to 39,France,Europe,Europe,Sales & Marketing,2.0,Director,2,Director,Senior Leadership,3.0,1.0,False,False,True,,False,False,True,True,2017-04-01,3"
"107,Female,20 to 29,Switzerland,Switzerland,Switzerland,Operations,6.0,Junior Officer,6,Junior Officer,Junior/IC,2.0,2.0,False,False,True,,False,False,True,True,2018-04-01,2"
"108,Male,30 to 39,France,Europe,Europe,Operations,3.0,Senior Manager,3,Senior Manager,Mid Management,3.0,3.0,False,False,True,,False,False,True,True,2014-04-01,6"
"109,Male,20 to 29,Switzerland,Switzerland,Switzerland,Sales & Marketing,,,6,Junior Officer,Junior/IC,,,True,False,True,,False,False,False,False,2020-04-01,0"
"110,Male,20 to 29,Switzerland,Switzerland,Switzerland,Internal Services,5.0,Senior Officer,5,Senior Officer,Junior/IC,3.0,2.0,False,False,True,,False,False,True,True,2016-04-01,3"
"111,Female,30 to 39,Germany,Europe,Europe,Finance,,,5,Senior Officer,Junior/IC,,,True,False,True,,False,False,False,False,2020-04-01,0"
"112,Female,20 to 29,Switzerland,Switzerland,Switzerland,Operations,6.0,Junior Officer,6,Junior Officer,Junior/IC,,2.0,False,False,True,,False,False,True,True,2019-04-01,1"
"113,Male,40 to 49,Switzerland,Switzerland,Switzerland,Strategy,2.0,Director,2,Director,Senior Leadership,3.0,3.0,False,False,True,,False,False,True,True,2012-04-01,4"
"114,Male,30 to 39,Switzerland,Switzerland,Switzerland,Sales & Marketing,4.0,Manager,4,Manager,Mid Management,3.0,3.0,False,False,True,,False,False,True,True,2013-04-01,3"
"115,Male,40 to 49,Switzerland,Switzerland,Switzerland,Finance,2.0,Director,2,Director,Senior Leadership,4.0,3.0,False,True,False,FY20,False,False,False,True,2014-04-01,3"
"116,Male,20 to 29,France,Europe,Europe,Sales & Marketing,5.0,Senior Officer,5,Senior Officer,Junior/IC,,3.0,False,False,True,,False,False,True,True,2018-04-01,2"
"117,Male,30 to 39,France,Europe,Europe,Internal Services,5.0,Senior Officer,4,Manager,Mid Management,1.0,2.0,False,False,True,,True,False,True,True,2013-04-01,1"
"118,Female,40 to 49,Switzerland,Switzerland,Switzerland,Sales & Marketing,3.0,Senior Manager,3,Senior Manager,Mid Management,3.0,,False,True,False,FY20,False,False,False,True,2012-04-01,2"
"119,Female,20 to 29,France,Europe,Europe,Operations,6.0,Junior Officer,6,Junior Officer,Junior/IC,,2.0,False,False,True,,False,False,True,True,2019-04-01,1"
"120,Male,30 to 39,Switzerland,Switzerland,Switzerland,Sales & Marketing,5.0,Senior Officer,5,Senior Officer,Junior/IC,3.0,2.0,False,False,True,,False,True,True,True,2014-04-01,4"
"121,Male,40 to 49,Switzerland,Switzerland,Switzerland,Operations,6.0,Junior Officer,6,Junior Officer,Junior/IC,3.0,3.0,False,True,False,FY20,False,False,False,True,2017-04-01,3"
"122,Male,30 to 39,Switzerland,Switzerland,Switzerland,Sales & Marketing,3.0,Senior Manager,3,Senior Manager,Mid Management,2.0,2.0,False,False,True,,False,False,True,True,2015-04-01,4"
"123,Female,30 to 39,Lebanon,Middle East,Elsewhere,Sales & Marketing,6.0,Junior Officer,6,Junior Officer,Junior/IC,2.0,3.0,False,False,True,,False,False,True,True,2018-04-01,2"
"124,Female,20 to 29,Switzerland,Switzerland,Switzerland,Operations,6.0,Junior Officer,6,Junior Officer,Junior/IC,3.0,2.0,False,False,True,,False,False,True,True,2018-04-01,2"
"125,Male,30 to 39,Switzerland,Switzerland,Switzerland,Operations,,,3,Senior Manager,Mid Management,,,True,False,True,,False,False,False,False,2020-04-01,0"
"126,Female,20 to 29,Germany,Europe,Europe,Internal Services,,,6,Junior Officer,Junior/IC,,,True,False,True,,False,False,False,False,2020-04-01,0"
"127,Male,50 to 59,Switzerland,Switzerland,Switzerland,Finance,1.0,Executive,1,Executive,Senior Leadership,3.0,,False,False,True,,False,False,False,True,2017-04-01,2"
"128,Male,40 to 49,Switzerland,Switzerland,Switzerland,Strategy,1.0,Executive,1,Executive,Senior Leadership,2.0,,False,False,True,,False,False,False,True,2017-04-01,3"
"129,Male,20 to 29,Switzerland,Switzerland,Switzerland,Operations,6.0,Junior Officer,6,Junior Officer,Junior/IC,3.0,2.0,False,False,True,,False,False,True,True,2016-04-01,4"
"130,Female,20 to 29,Germany,Europe,Europe,Sales & Marketing,6.0,Junior Officer,6,Junior Officer,Junior/IC,2.0,2.0,False,False,True,,False,False,True,True,2018-04-01,2"
"131,Male,20 to 29,Switzerland,Switzerland,Switzerland,Sales & Marketing,6.0,Junior Officer,6,Junior Officer,Junior/IC,3.0,2.0,False,False,True,,False,False,True,True,2018-04-01,2"
"132,Male,20 to 29,Germany,Europe,Europe,Internal Services,6.0,Junior Officer,6,Junior Officer,Junior/IC,4.0,2.0,False,False,True,,False,False,True,True,2018-04-01,2"
"133,Female,30 to 39,Russia,Europe,Europe,Operations,4.0,Manager,4,Manager,Mid Management,2.0,3.0,False,False,True,,False,False,True,True,2017-04-01,3"
"134,Male,30 to 39,France,Europe,Europe,Sales & Marketing,4.0,Manager,4,Manager,Mid Management,3.0,3.0,False,False,True,,False,False,True,True,2012-04-01,3"
"135,Female,16 to 19,Switzerland,Switzerland,Switzerland,Operations,6.0,Junior Officer,6,Junior Officer,Junior/IC,,3.0,False,False,True,,False,False,True,True,2019-04-01,1"
"136,Male,20 to 29,Switzerland,Switzerland,Switzerland,Operations,6.0,Junior Officer,6,Junior Officer,Junior/IC,,2.0,False,False,True,,False,False,True,True,2019-04-01,1"
"137,Male,40 to 49,France,Europe,Europe,Sales & Marketing,3.0,Senior Manager,3,Senior Manager,Mid Management,3.0,2.0,False,False,True,,False,True,True,True,2018-04-01,2"
"138,Female,30 to 39,Sweden,Europe,Europe,Hr,6.0,Junior Officer,6,Junior Officer,Junior/IC,2.0,2.0,False,False,True,,False,True,True,True,2014-04-01,6"
"139,Female,20 to 29,Italy,Europe,Europe,Sales & Marketing,6.0,Junior Officer,6,Junior Officer,Junior/IC,3.0,2.0,False,False,True,,False,False,True,True,2018-04-01,2"
"140,Male,30 to 39,Switzerland,Switzerland,Switzerland,Sales & Marketing,3.0,Senior Manager,3,Senior Manager,Mid Management,3.0,2.0,False,False,True,,False,False,True,True,2015-04-01,5"
"141,Male,30 to 39,Switzerland,Switzerland,Switzerland,Operations,4.0,Manager,3,Senior Manager,Mid Management,2.0,4.0,False,False,True,,True,False,True,True,2015-04-01,1"
"142,Male,30 to 39,Switzerland,Switzerland,Switzerland,Operations,,,3,Senior Manager,Mid Management,,,True,False,True,,False,False,False,False,2020-04-01,0"
"143,Female,30 to 39,Switzerland,Switzerland,Switzerland,Operations,6.0,Junior Officer,6,Junior Officer,Junior/IC,3.0,3.0,False,True,False,FY20,False,False,False,True,2018-04-01,2"
"144,Male,40 to 49,Switzerland,Switzerland,Switzerland,Strategy,,,1,Executive,Senior Leadership,,,True,False,True,,False,False,False,False,2020-04-01,0"
"145,Male,30 to 39,Spain,Europe,Europe,Sales & Marketing,4.0,Manager,4,Manager,Mid Management,3.0,2.0,False,False,True,,False,False,True,True,2016-04-01,4"
"146,Male,20 to 29,France,Europe,Europe,Sales & Marketing,6.0,Junior Officer,6,Junior Officer,Junior/IC,2.0,2.0,False,False,True,,False,False,True,True,2017-04-01,3"
"147,Female,40 to 49,Germany,Europe,Europe,Operations,,,4,Manager,Mid Management,,,True,False,True,,False,False,False,False,2020-04-01,0"
"148,Male,20 to 29,Switzerland,Switzerland,Switzerland,Operations,6.0,Junior Officer,6,Junior Officer,Junior/IC,2.0,3.0,False,False,True,,False,False,True,True,2018-04-01,2"
"149,Male,30 to 39,Germany,Europe,Europe,Sales & Marketing,4.0,Manager,4,Manager,Mid Management,3.0,4.0,False,False,True,,False,False,True,True,2015-04-01,2"
"150,Male,30 to 39,Switzerland,Switzerland,Switzerland,Operations,4.0,Manager,4,Manager,Mid Management,2.0,2.0,False,False,True,,False,False,True,True,2016-04-01,3"
"151,Female,40 to 49,Italy,Europe,Europe,Sales & Marketing,5.0,Senior Officer,5,Senior Officer,Junior/IC,3.0,,False,True,False,FY20,False,False,False,True,2016-04-01,3"
"152,Male,40 to 49,France,Europe,Europe,Hr,2.0,Director,2,Director,Senior Leadership,3.0,2.0,False,False,True,,False,False,True,True,2012-04-01,6"
"153,Female,40 to 49,Switzerland,Switzerland,Switzerland,Sales & Marketing,,,3,Senior Manager,Mid Management,,,True,False,True,,False,False,False,False,2020-04-01,0"
"154,Male,30 to 39,Switzerland,Switzerland,Switzerland,Operations,6.0,Junior Officer,6,Junior Officer,Junior/IC,,2.0,False,False,True,,False,False,True,True,2019-04-01,1"
"155,Female,20 to 29,Switzerland,Switzerland,Switzerland,Operations,6.0,Junior Officer,6,Junior Officer,Junior/IC,3.0,3.0,False,False,True,,False,False,True,True,2018-04-01,2"
"156,Male,30 to 39,Italy,Europe,Europe,Internal Services,6.0,Junior Officer,6,Junior Officer,Junior/IC,3.0,2.0,False,True,False,FY20,False,False,False,True,2015-04-01,5"
"157,Female,20 to 29,Switzerland,Switzerland,Switzerland,Operations,,,5,Senior Officer,Junior/IC,,,True,False,True,,False,False,False,False,2020-04-01,0"
"158,Male,20 to 29,Switzerland,Switzerland,Switzerland,Internal Services,6.0,Junior Officer,6,Junior Officer,Junior/IC,3.0,3.0,False,False,True,,False,False,True,True,2017-04-01,3"
"159,Male,30 to 39,Germany,Europe,Europe,Sales & Marketing,3.0,Senior Manager,3,Senior Manager,Mid Management,3.0,3.0,False,False,True,,False,False,True,True,2017-04-01,3"
"160,Male,30 to 39,Switzerland,Switzerland,Switzerland,Sales & Marketing,4.0,Manager,3,Senior Manager,Mid Management,2.0,1.0,False,False,True,,True,False,True,True,2017-04-01,1"
"161,Male,30 to 39,Switzerland,Switzerland,Switzerland,Operations,4.0,Manager,4,Manager,Mid Management,3.0,2.0,False,False,True,,False,False,True,True,2011-04-01,2"
"162,Male,20 to 29,France,Europe,Europe,Operations,6.0,Junior Officer,6,Junior Officer,Junior/IC,3.0,2.0,False,False,True,,False,False,True,True,2017-04-01,3"
"163,Male,30 to 39,Switzerland,Switzerland,Switzerland,Finance,4.0,Manager,4,Manager,Mid Management,3.0,3.0,False,False,True,,False,False,True,True,2017-04-01,3"
"164,Male,50 to 59,Netherlands,Europe,Europe,Operations,5.0,Senior Officer,5,Senior Officer,Junior/IC,3.0,3.0,False,True,False,FY20,False,False,False,True,2011-04-01,7"
"165,Female,20 to 29,France,Europe,Europe,Operations,6.0,Junior Officer,6,Junior Officer,Junior/IC,,3.0,False,False,True,,False,False,True,True,2019-04-01,1"
"166,Male,20 to 29,Switzerland,Switzerland,Switzerland,Sales & Marketing,5.0,Senior Officer,5,Senior Officer,Junior/IC,2.0,2.0,False,False,True,,False,False,True,True,2013-04-01,3"
"167,Male,40 to 49,Germany,Europe,Europe,Internal Services,3.0,Senior Manager,3,Senior Manager,Mid Management,3.0,2.0,False,False,True,,False,False,True,True,2017-04-01,2"
"168,Male,20 to 29,France,Europe,Europe,Sales & Marketing,5.0,Senior Officer,5,Senior Officer,Junior/IC,2.0,2.0,False,False,True,,False,False,True,True,2011-04-01,3"
"169,Female,30 to 39,France,Europe,Europe,Sales & Marketing,5.0,Senior Officer,5,Senior Officer,Junior/IC,3.0,1.0,False,False,True,,False,False,True,True,2018-04-01,2"
"170,Male,30 to 39,Switzerland,Switzerland,Switzerland,Sales & Marketing,4.0,Manager,4,Manager,Mid Management,2.0,2.0,False,False,True,,False,False,True,True,2017-04-01,3"
"171,Female,40 to 49,Italy,Europe,Europe,Sales & Marketing,4.0,Manager,4,Manager,Mid Management,2.0,3.0,False,False,True,,False,False,True,True,2011-04-01,2"
"172,Male,30 to 39,Switzerland,Switzerland,Switzerland,Hr,3.0,Senior Manager,3,Senior Manager,Mid Management,2.0,3.0,False,False,True,,False,False,True,True,2016-04-01,3"
"173,Female,30 to 39,Italy,Europe,Europe,Operations,6.0,Junior Officer,5,Senior Officer,Junior/IC,1.0,2.0,False,False,True,,True,False,True,True,2013-04-01,1"
"174,Male,40 to 49,France,Europe,Europe,Operations,2.0,Director,2,Director,Senior Leadership,2.0,2.0,False,False,True,,False,False,True,True,2011-04-01,3"
"175,Male,30 to 39,Switzerland,Switzerland,Switzerland,Finance,6.0,Junior Officer,5,Senior Officer,Junior/IC,1.0,2.0,False,False,True,,True,True,True,True,2016-04-01,1"
"176,Female,40 to 49,France,Europe,Europe,Internal Services,3.0,Senior Manager,3,Senior Manager,Mid Management,2.0,2.0,False,False,True,,False,True,True,True,2016-04-01,4"
"177,Male,30 to 39,Spain,Europe,Europe,Operations,4.0,Manager,4,Manager,Mid Management,3.0,3.0,False,False,True,,False,False,True,True,2015-04-01,3"
"178,Male,30 to 39,Switzerland,Switzerland,Switzerland,Internal Services,5.0,Senior Officer,5,Senior Officer,Junior/IC,4.0,3.0,False,False,True,,False,False,True,True,2011-04-01,2"
"179,Male,30 to 39,Germany,Europe,Europe,Sales & Marketing,5.0,Senior Officer,5,Senior Officer,Junior/IC,3.0,2.0,False,False,True,,False,True,True,True,2015-04-01,4"
"180,Male,30 to 39,Switzerland,Switzerland,Switzerland,Hr,3.0,Senior Manager,3,Senior Manager,Mid Management,3.0,2.0,False,True,False,FY20,False,False,False,True,2016-04-01,2"
"181,Female,20 to 29,Italy,Europe,Europe,Operations,6.0,Junior Officer,5,Senior Officer,Junior/IC,2.0,3.0,False,False,True,,True,False,True,True,2012-04-01,1"
"182,Female,40 to 49,Germany,Europe,Europe,Internal Services,6.0,Junior Officer,6,Junior Officer,Junior/IC,3.0,3.0,False,True,False,FY20,False,False,False,True,2018-04-01,2"
"183,Female,20 to 29,United States,Americas,Elsewhere,Operations,5.0,Senior Officer,5,Senior Officer,Junior/IC,,2.0,False,False,True,,False,False,True,True,2017-04-01,3"
"184,Male,20 to 29,Switzerland,Switzerland,Switzerland,Internal Services,,,6,Junior Officer,Junior/IC,,,True,False,True,,False,False,False,False,2020-04-01,0"
"185,Male,20 to 29,Germany,Europe,Europe,Sales & Marketing,,,6,Junior Officer,Junior/IC,,,True,False,True,,False,False,False,False,2020-04-01,0"
"186,Female,20 to 29,Germany,Europe,Europe,Operations,6.0,Junior Officer,6,Junior Officer,Junior/IC,3.0,3.0,False,False,True,,False,False,True,True,2018-04-01,2"
"187,Male,30 to 39,China,Asia Pacific,Elsewhere,Sales & Marketing,5.0,Senior Officer,5,Senior Officer,Junior/IC,,1.0,False,False,True,,False,False,True,True,2017-04-01,3"
"188,Male,20 to 29,Switzerland,Switzerland,Switzerland,Sales & Marketing,5.0,Senior Officer,5,Senior Officer,Junior/IC,3.0,2.0,False,False,True,,False,False,True,True,2011-04-01,4"
"189,Female,20 to 29,Switzerland,Switzerland,Switzerland,Operations,6.0,Junior Officer,6,Junior Officer,Junior/IC,2.0,3.0,False,False,True,,False,False,True,True,2018-04-01,2"
"190,Female,30 to 39,Switzerland,Switzerland,Switzerland,Operations,5.0,Senior Officer,5,Senior Officer,Junior/IC,3.0,2.0,False,False,True,,False,False,True,True,2011-04-01,3"
"191,Male,60 to 69,Switzerland,Switzerland,Switzerland,Sales & Marketing,5.0,Senior Officer,5,Senior Officer,Junior/IC,3.0,3.0,False,True,False,FY20,False,False,False,True,2011-04-01,3"
"192,Male,30 to 39,Switzerland,Switzerland,Switzerland,Operations,,,2,Director,Senior Leadership,,,True,False,True,,False,False,False,False,2020-04-01,0"
"193,Male,20 to 29,France,Europe,Europe,Operations,4.0,Manager,4,Manager,Mid Management,3.0,3.0,False,True,False,FY20,False,False,False,True,2011-04-01,9"
"194,Female,20 to 29,Switzerland,Switzerland,Switzerland,Internal Services,,,6,Junior Officer,Junior/IC,,,True,False,True,,False,False,False,False,2020-04-01,0"
"195,Male,30 to 39,Switzerland,Switzerland,Switzerland,Operations,5.0,Senior Officer,5,Senior Officer,Junior/IC,2.0,3.0,False,False,True,,False,False,True,True,2018-04-01,2"
"196,Male,40 to 49,Switzerland,Switzerland,Switzerland,Operations,,,3,Senior Manager,Mid Management,,,True,False,True,,False,False,False,False,2020-04-01,0"
"197,Male,20 to 29,France,Europe,Europe,Finance,6.0,Junior Officer,6,Junior Officer,Junior/IC,2.0,3.0,False,False,True,,False,False,True,True,2015-04-01,5"
"198,Female,40 to 49,Switzerland,Switzerland,Switzerland,Sales & Marketing,6.0,Junior Officer,6,Junior Officer,Junior/IC,,2.0,False,True,False,FY20,False,False,False,True,2019-04-01,1"
"199,Female,20 to 29,Switzerland,Switzerland,Switzerland,Internal Services,6.0,Junior Officer,6,Junior Officer,Junior/IC,2.0,3.0,False,False,True,,False,False,True,True,2018-04-01,2"
"200,Male,40 to 49,Italy,Europe,Europe,Operations,5.0,Senior Officer,5,Senior Officer,Junior/IC,3.0,3.0,False,True,False,FY20,False,False,False,True,2011-04-01,4"
"201,Female,30 to 39,France,Europe,Europe,Hr,,,5,Senior Officer,Junior/IC,,,True,False,True,,False,False,False,False,2020-04-01,0"
"202,Male,30 to 39,United States,Americas,Elsewhere,Internal Services,4.0,Manager,4,Manager,Mid Management,2.0,3.0,False,False,True,,False,False,True,True,2012-04-01,3"
"203,Male,20 to 29,Germany,Europe,Europe,Operations,6.0,Junior Officer,6,Junior Officer,Junior/IC,,3.0,False,False,True,,False,False,True,True,2019-04-01,1"
"204,Male,20 to 29,Switzerland,Switzerland,Switzerland,Sales & Marketing,,,6,Junior Officer,Junior/IC,,,True,False,True,,False,False,False,False,2020-04-01,0"
"205,Male,40 to 49,Switzerland,Switzerland,Switzerland,Sales & Marketing,3.0,Senior Manager,3,Senior Manager,Mid Management,3.0,2.0,False,False,True,,False,False,True,True,2014-04-01,3"
"206,Male,30 to 39,United Kingdom,Europe,Europe,Finance,5.0,Senior Officer,4,Manager,Mid Management,1.0,2.0,False,False,True,,True,False,True,True,2015-04-01,1"
"207,Male,30 to 39,Switzerland,Switzerland,Switzerland,Internal Services,,,2,Director,Senior Leadership,,,True,False,True,,False,False,False,False,2020-04-01,0"
"208,Female,20 to 29,Switzerland,Switzerland,Switzerland,Internal Services,6.0,Junior Officer,6,Junior Officer,Junior/IC,3.0,1.0,False,False,True,,False,False,True,True,2018-04-01,2"
"209,Female,20 to 29,Germany,Europe,Europe,Operations,6.0,Junior Officer,6,Junior Officer,Junior/IC,2.0,3.0,False,False,True,,False,False,True,True,2017-04-01,3"
"210,Female,50 to 59,Switzerland,Switzerland,Switzerland,Sales & Marketing,4.0,Manager,4,Manager,Mid Management,2.0,,False,True,False,FY20,False,False,False,True,2011-04-01,3"
"211,Male,20 to 29,Switzerland,Switzerland,Switzerland,Operations,6.0,Junior Officer,6,Junior Officer,Junior/IC,3.0,3.0,False,False,True,,False,False,True,True,2017-04-01,3"
"212,Male,20 to 29,Switzerland,Switzerland,Switzerland,Sales & Marketing,,,5,Senior Officer,Junior/IC,,,True,False,True,,False,False,False,False,2020-04-01,0"
"213,Female,40 to 49,Switzerland,Switzerland,Switzerland,Hr,2.0,Director,2,Director,Senior Leadership,2.0,4.0,False,False,True,,False,False,True,True,2017-04-01,3"
"214,Female,20 to 29,France,Europe,Europe,Sales & Marketing,,,6,Junior Officer,Junior/IC,,,True,False,True,,False,False,False,False,2020-04-01,0"
"215,Male,30 to 39,Switzerland,Switzerland,Switzerland,Operations,4.0,Manager,4,Manager,Mid Management,3.0,1.0,False,False,True,,False,True,True,True,2011-04-01,3"
"216,Female,40 to 49,France,Europe,Europe,Operations,5.0,Senior Officer,5,Senior Officer,Junior/IC,2.0,,False,True,False,FY20,False,False,False,True,2011-04-01,3"
"217,Female,20 to 29,Switzerland,Switzerland,Switzerland,Sales & Marketing,6.0,Junior Officer,6,Junior Officer,Junior/IC,,2.0,False,False,True,,False,False,True,True,2019-04-01,1"
"218,Male,20 to 29,Switzerland,Switzerland,Switzerland,Sales & Marketing,5.0,Senior Officer,5,Senior Officer,Junior/IC,3.0,2.0,False,False,True,,False,False,True,True,2013-04-01,3"
"219,Female,30 to 39,Switzerland,Switzerland,Switzerland,Operations,,,3,Senior Manager,Mid Management,,,True,False,True,,False,False,False,False,2020-04-01,0"
"220,Male,20 to 29,Germany,Europe,Europe,Sales & Marketing,5.0,Senior Officer,5,Senior Officer,Junior/IC,3.0,3.0,False,False,True,,False,False,True,True,2011-04-01,4"
"221,Female,20 to 29,Switzerland,Switzerland,Switzerland,Strategy,,,5,Senior Officer,Junior/IC,,,True,False,True,,False,False,False,False,2020-04-01,0"
"222,Male,30 to 39,Switzerland,Switzerland,Switzerland,Sales & Marketing,2.0,Director,2,Director,Senior Leadership,3.0,3.0,False,False,True,,False,True,True,True,2012-04-01,6"
"223,Female,20 to 29,Switzerland,Switzerland,Switzerland,Sales & Marketing,5.0,Senior Officer,5,Senior Officer,Junior/IC,3.0,,False,True,False,FY20,False,False,False,True,2011-04-01,5"
"224,Male,40 to 49,Germany,Europe,Europe,Internal Services,3.0,Senior Manager,3,Senior Manager,Mid Management,3.0,2.0,False,False,True,,False,False,True,True,2011-04-01,2"
"225,Male,20 to 29,Romania,Europe,Europe,Sales & Marketing,6.0,Junior Officer,5,Senior Officer,Junior/IC,1.0,2.0,False,False,True,,True,False,True,True,2014-04-01,1"
"226,Male,20 to 29,Switzerland,Switzerland,Switzerland,Sales & Marketing,6.0,Junior Officer,6,Junior Officer,Junior/IC,2.0,2.0,False,False,True,,False,False,True,True,2017-04-01,3"
"227,Male,40 to 49,Switzerland,Switzerland,Switzerland,Sales & Marketing,4.0,Manager,4,Manager,Mid Management,2.0,3.0,False,True,False,FY20,False,False,False,True,2011-04-01,3"
"228,Male,30 to 39,Switzerland,Switzerland,Switzerland,Internal Services,5.0,Senior Officer,5,Senior Officer,Junior/IC,3.0,2.0,False,False,True,,False,True,True,True,2016-04-01,2"
"229,Male,30 to 39,Switzerland,Switzerland,Switzerland,Internal Services,3.0,Senior Manager,3,Senior Manager,Mid Management,2.0,2.0,False,False,True,,False,False,True,True,2016-04-01,3"
"230,Female,40 to 49,Switzerland,Switzerland,Switzerland,Operations,6.0,Junior Officer,6,Junior Officer,Junior/IC,3.0,2.0,False,True,False,FY20,False,False,False,True,2018-04-01,2"
"231,Male,30 to 39,France,Europe,Europe,Finance,3.0,Senior Manager,3,Senior Manager,Mid Management,3.0,3.0,False,False,True,,False,False,True,True,2016-04-01,3"
"232,Female,30 to 39,Spain,Europe,Europe,Operations,6.0,Junior Officer,6,Junior Officer,Junior/IC,3.0,2.0,False,False,True,,False,True,True,True,2017-04-01,3"
"233,Female,20 to 29,Switzerland,Switzerland,Switzerland,Strategy,,,6,Junior Officer,Junior/IC,,,True,False,True,,False,False,False,False,2020-04-01,0"
"234,Female,20 to 29,Germany,Europe,Europe,Operations,6.0,Junior Officer,6,Junior Officer,Junior/IC,2.0,2.0,False,False,True,,False,True,True,True,2018-04-01,2"
"235,Male,30 to 39,Switzerland,Switzerland,Switzerland,Internal Services,4.0,Manager,4,Manager,Mid Management,3.0,3.0,False,False,True,,False,False,True,True,2014-04-01,2"
"236,Female,20 to 29,Switzerland,Switzerland,Switzerland,Sales & Marketing,6.0,Junior Officer,6,Junior Officer,Junior/IC,,3.0,False,False,True,,False,False,True,True,2019-04-01,1"
"237,Female,30 to 39,Switzerland,Switzerland,Switzerland,Operations,6.0,Junior Officer,6,Junior Officer,Junior/IC,3.0,2.0,False,False,True,,False,True,True,True,2016-04-01,4"
"238,Female,20 to 29,France,Europe,Europe,Operations,,,6,Junior Officer,Junior/IC,,,True,False,True,,False,False,False,False,2020-04-01,0"
"239,Male,30 to 39,Italy,Europe,Europe,Sales & Marketing,4.0,Manager,4,Manager,Mid Management,2.0,2.0,False,False,True,,False,False,True,True,2014-04-01,2"
"240,Female,20 to 29,Italy,Europe,Europe,Operations,6.0,Junior Officer,6,Junior Officer,Junior/IC,3.0,2.0,False,False,True,,False,False,True,True,2016-04-01,4"
"241,Female,30 to 39,Germany,Europe,Europe,Internal Services,4.0,Manager,4,Manager,Mid Management,2.0,2.0,False,False,True,,False,False,True,True,2018-04-01,2"
"242,Male,30 to 39,France,Europe,Europe,Internal Services,5.0,Senior Officer,5,Senior Officer,Junior/IC,3.0,3.0,False,True,False,FY20,False,False,False,True,2017-04-01,3"
"243,Male,40 to 49,Switzerland,Switzerland,Switzerland,Operations,3.0,Senior Manager,2,Director,Senior Leadership,2.0,3.0,False,False,True,,True,False,True,True,2013-04-01,1"
"244,Male,40 to 49,United Kingdom,Europe,Europe,Sales & Marketing,3.0,Senior Manager,3,Senior Manager,Mid Management,4.0,2.0,False,False,True,,False,False,True,True,2011-04-01,4"
"245,Female,40 to 49,Switzerland,Switzerland,Switzerland,Operations,5.0,Senior Officer,5,Senior Officer,Junior/IC,3.0,2.0,False,True,False,FY20,False,False,False,True,2015-04-01,5"
"246,Male,20 to 29,Switzerland,Switzerland,Switzerland,Sales & Marketing,6.0,Junior Officer,6,Junior Officer,Junior/IC,3.0,3.0,False,True,False,FY20,False,False,False,True,2015-04-01,5"
"247,Male,20 to 29,Switzerland,Switzerland,Switzerland,Operations,6.0,Junior Officer,6,Junior Officer,Junior/IC,3.0,3.0,False,False,True,,False,False,True,True,2017-04-01,3"
"248,Male,30 to 39,Spain,Europe,Europe,Operations,5.0,Senior Officer,4,Manager,Mid Management,1.0,2.0,False,False,True,,True,False,True,True,2012-04-01,1"
"249,Male,20 to 29,Switzerland,Switzerland,Switzerland,Operations,6.0,Junior Officer,6,Junior Officer,Junior/IC,3.0,2.0,False,False,True,,False,False,True,True,2018-04-01,2"
"250,Male,20 to 29,Switzerland,Switzerland,Switzerland,Operations,6.0,Junior Officer,6,Junior Officer,Junior/IC,2.0,2.0,False,True,False,FY20,False,False,False,True,2015-04-01,5"
"251,Male,20 to 29,Switzerland,Switzerland,Switzerland,Sales & Marketing,6.0,Junior Officer,6,Junior Officer,Junior/IC,,2.0,False,False,True,,False,True,True,True,2019-04-01,1"
"252,Female,20 to 29,Switzerland,Switzerland,Switzerland,Operations,6.0,Junior Officer,6,Junior Officer,Junior/IC,3.0,2.0,False,False,True,,False,False,True,True,2018-04-01,2"
"253,Male,20 to 29,Switzerland,Switzerland,Switzerland,Finance,6.0,Junior Officer,6,Junior Officer,Junior/IC,2.0,4.0,False,False,True,,False,False,True,True,2015-04-01,5"
"254,Female,20 to 29,Switzerland,Switzerland,Switzerland,Internal Services,6.0,Junior Officer,6,Junior Officer,Junior/IC,3.0,2.0,False,False,True,,False,False,True,True,2018-04-01,2"
"255,Male,20 to 29,Switzerland,Switzerland,Switzerland,Operations,6.0,Junior Officer,6,Junior Officer,Junior/IC,,3.0,False,False,True,,False,False,True,True,2019-04-01,1"
"256,Female,20 to 29,Germany,Europe,Europe,Operations,5.0,Senior Officer,5,Senior Officer,Junior/IC,3.0,3.0,False,False,True,,False,False,True,True,2015-04-01,3"
"257,Male,40 to 49,Switzerland,Switzerland,Switzerland,Strategy,1.0,Executive,1,Executive,Senior Leadership,3.0,,False,False,True,,False,False,False,True,2011-04-01,3"
"258,Male,20 to 29,France,Europe,Europe,Operations,6.0,Junior Officer,6,Junior Officer,Junior/IC,3.0,3.0,False,False,True,,False,False,True,True,2018-04-01,2"
"259,Female,20 to 29,Switzerland,Switzerland,Switzerland,Hr,6.0,Junior Officer,6,Junior Officer,Junior/IC,3.0,3.0,False,False,True,,False,False,True,True,2017-04-01,3"
"260,Male,20 to 29,Switzerland,Switzerland,Switzerland,Sales & Marketing,5.0,Senior Officer,5,Senior Officer,Junior/IC,3.0,3.0,False,False,True,,False,False,True,True,2015-04-01,2"
"261,Female,30 to 39,France,Europe,Europe,Hr,4.0,Manager,4,Manager,Mid Management,3.0,2.0,False,False,True,,False,False,True,True,2013-04-01,7"
"262,Male,40 to 49,Switzerland,Switzerland,Switzerland,Finance,3.0,Senior Manager,2,Director,Senior Leadership,2.0,2.0,False,False,True,,True,False,True,True,2015-04-01,1"
"263,Male,20 to 29,Austria,Europe,Europe,Operations,,,5,Senior Officer,Junior/IC,,,True,False,True,,False,False,False,False,2020-04-01,0"
"264,Male,20 to 29,France,Europe,Europe,Operations,6.0,Junior Officer,6,Junior Officer,Junior/IC,,2.0,False,False,True,,False,True,True,True,2019-04-01,1"
"265,Female,40 to 49,Switzerland,Switzerland,Switzerland,Operations,4.0,Manager,4,Manager,Mid Management,3.0,2.0,False,False,True,,False,False,True,True,2012-04-01,2"
"266,Female,30 to 39,Switzerland,Switzerland,Switzerland,Operations,5.0,Senior Officer,5,Senior Officer,Junior/IC,2.0,3.0,False,False,True,,False,False,True,True,2018-04-01,2"
"267,Female,20 to 29,Switzerland,Switzerland,Switzerland,Finance,6.0,Junior Officer,5,Senior Officer,Junior/IC,1.0,2.0,False,False,True,,True,False,True,True,2017-04-01,1"
"268,Female,20 to 29,France,Europe,Europe,Operations,6.0,Junior Officer,6,Junior Officer,Junior/IC,3.0,3.0,False,False,True,,False,False,True,True,2017-04-01,3"
"269,Male,30 to 39,Switzerland,Switzerland,Switzerland,Strategy,5.0,Senior Officer,5,Senior Officer,Junior/IC,3.0,3.0,False,False,True,,False,True,True,True,2017-04-01,3"
"270,Female,20 to 29,Switzerland,Switzerland,Switzerland,Operations,6.0,Junior Officer,6,Junior Officer,Junior/IC,3.0,2.0,False,False,True,,False,False,True,True,2015-04-01,5"
"271,Female,40 to 49,Switzerland,Switzerland,Switzerland,Sales & Marketing,4.0,Manager,4,Manager,Mid Management,3.0,4.0,False,False,True,,False,False,True,True,2011-04-01,3"
"272,Female,30 to 39,Switzerland,Switzerland,Switzerland,Operations,,,2,Director,Senior Leadership,,,True,False,True,,False,False,False,False,2020-04-01,0"
"273,Female,20 to 29,Switzerland,Switzerland,Switzerland,Internal Services,6.0,Junior Officer,6,Junior Officer,Junior/IC,3.0,3.0,False,False,True,,False,False,True,True,2016-04-01,4"
"274,Male,16 to 19,Switzerland,Switzerland,Switzerland,Operations,6.0,Junior Officer,6,Junior Officer,Junior/IC,3.0,2.0,False,False,True,,False,False,True,True,2018-04-01,2"
"275,Female,40 to 49,France,Europe,Europe,Operations,2.0,Director,2,Director,Senior Leadership,,3.0,False,True,False,FY20,False,False,False,True,2015-04-01,5"
"276,Male,16 to 19,France,Europe,Europe,Sales & Marketing,6.0,Junior Officer,6,Junior Officer,Junior/IC,2.0,1.0,False,False,True,,False,False,True,True,2017-04-01,3"
"277,Male,20 to 29,France,Europe,Europe,Operations,6.0,Junior Officer,6,Junior Officer,Junior/IC,2.0,3.0,False,False,True,,False,False,True,True,2017-04-01,3"
"278,Male,30 to 39,Switzerland,Switzerland,Switzerland,Sales & Marketing,3.0,Senior Manager,3,Senior Manager,Mid Management,3.0,2.0,False,False,True,,False,False,True,True,2016-04-01,4"
"279,Male,20 to 29,Switzerland,Switzerland,Switzerland,Sales & Marketing,6.0,Junior Officer,6,Junior Officer,Junior/IC,3.0,2.0,False,False,True,,False,False,True,True,2016-04-01,4"
"280,Male,30 to 39,France,Europe,Europe,Internal Services,,,1,Executive,Senior Leadership,,,True,False,True,,False,False,False,False,2020-04-01,0"
"281,Male,20 to 29,Italy,Europe,Europe,Operations,6.0,Junior Officer,6,Junior Officer,Junior/IC,3.0,2.0,False,False,True,,False,False,True,True,2017-04-01,3"
"282,Male,40 to 49,France,Europe,Europe,Internal Services,2.0,Director,2,Director,Senior Leadership,3.0,2.0,False,False,True,,False,False,True,True,2011-04-01,3"
"283,Male,20 to 29,Switzerland,Switzerland,Switzerland,Operations,6.0,Junior Officer,6,Junior Officer,Junior/IC,3.0,2.0,False,False,True,,False,False,True,True,2018-04-01,2"
"284,Male,20 to 29,France,Europe,Europe,Operations,6.0,Junior Officer,6,Junior Officer,Junior/IC,2.0,3.0,False,False,True,,False,False,True,True,2017-04-01,3"
"285,Male,20 to 29,Switzerland,Switzerland,Switzerland,Sales & Marketing,6.0,Junior Officer,6,Junior Officer,Junior/IC,3.0,3.0,False,False,True,,False,False,True,True,2018-04-01,2"
"286,Male,30 to 39,Germany,Europe,Europe,Operations,5.0,Senior Officer,4,Manager,Mid Management,2.0,3.0,False,False,True,,True,False,True,True,2018-04-01,1"
"287,Female,20 to 29,France,Europe,Europe,Internal Services,,,6,Junior Officer,Junior/IC,,,True,False,True,,False,False,False,False,2020-04-01,0"
"288,Male,20 to 29,Germany,Europe,Europe,Sales & Marketing,5.0,Senior Officer,5,Senior Officer,Junior/IC,2.0,2.0,False,False,True,,False,False,True,True,2016-04-01,3"
"289,Female,30 to 39,Italy,Europe,Europe,Sales & Marketing,5.0,Senior Officer,5,Senior Officer,Junior/IC,2.0,3.0,False,False,True,,False,False,True,True,2016-04-01,3"
"290,Female,20 to 29,France,Europe,Europe,Operations,6.0,Junior Officer,6,Junior Officer,Junior/IC,2.0,2.0,False,False,True,,False,False,True,True,2018-04-01,2"
"291,Female,30 to 39,Denmark,Europe,Europe,Sales & Marketing,4.0,Manager,4,Manager,Mid Management,3.0,2.0,False,False,True,,False,False,True,True,2014-04-01,3"
"292,Male,20 to 29,France,Europe,Europe,Sales & Marketing,6.0,Junior Officer,6,Junior Officer,Junior/IC,3.0,3.0,False,False,True,,False,False,True,True,2018-04-01,2"
"293,Female,30 to 39,France,Europe,Europe,Internal Services,6.0,Junior Officer,6,Junior Officer,Junior/IC,2.0,2.0,False,False,True,,False,True,True,True,2018-04-01,2"
"294,Female,30 to 39,Switzerland,Switzerland,Switzerland,Operations,,,4,Manager,Mid Management,,,True,False,True,,False,False,False,False,2020-04-01,0"
"295,Female,20 to 29,Switzerland,Switzerland,Switzerland,Operations,5.0,Senior Officer,5,Senior Officer,Junior/IC,3.0,2.0,False,False,True,,False,False,True,True,2012-04-01,3"
"296,Male,20 to 29,Netherlands,Europe,Europe,Sales & Marketing,6.0,Junior Officer,6,Junior Officer,Junior/IC,3.0,3.0,False,False,True,,False,False,True,True,2018-04-01,2"
"297,Male,20 to 29,Switzerland,Switzerland,Switzerland,Sales & Marketing,6.0,Junior Officer,6,Junior Officer,Junior/IC,3.0,3.0,False,False,True,,False,False,True,True,2018-04-01,2"
"298,Female,40 to 49,Switzerland,Switzerland,Switzerland,Operations,3.0,Senior Manager,3,Senior Manager,Mid Management,3.0,4.0,False,False,True,,False,False,True,True,2011-04-01,2"
"299,Male,20 to 29,Switzerland,Switzerland,Switzerland,Sales & Marketing,6.0,Junior Officer,6,Junior Officer,Junior/IC,2.0,3.0,False,False,True,,False,True,True,True,2017-04-01,3"
"300,Male,30 to 39,France,Europe,Europe,Operations,4.0,Manager,4,Manager,Mid Management,3.0,3.0,False,False,True,,False,False,True,True,2016-04-01,2"
"301,Female,20 to 29,Switzerland,Switzerland,Switzerland,Operations,6.0,Junior Officer,6,Junior Officer,Junior/IC,3.0,3.0,False,False,True,,False,False,True,True,2018-04-01,2"
"302,Female,20 to 29,Switzerland,Switzerland,Switzerland,Internal Services,6.0,Junior Officer,6,Junior Officer,Junior/IC,3.0,2.0,False,False,True,,False,False,True,True,2018-04-01,2"
"303,Male,30 to 39,Switzerland,Switzerland,Switzerland,Operations,,,4,Manager,Mid Management,,,True,False,True,,False,False,False,False,2020-04-01,0"
"304,Female,50 to 59,Austria,Europe,Europe,Operations,3.0,Senior Manager,3,Senior Manager,Mid Management,3.0,2.0,False,False,True,,False,False,True,True,2012-04-01,4"
"305,Male,20 to 29,Italy,Europe,Europe,Sales & Marketing,6.0,Junior Officer,6,Junior Officer,Junior/IC,3.0,2.0,False,False,True,,False,True,True,True,2018-04-01,2"
"306,Female,20 to 29,Switzerland,Switzerland,Switzerland,Operations,6.0,Junior Officer,6,Junior Officer,Junior/IC,,3.0,False,False,True,,False,False,True,True,2019-04-01,1"
"307,Male,20 to 29,Switzerland,Switzerland,Switzerland,Operations,6.0,Junior Officer,6,Junior Officer,Junior/IC,,3.0,False,False,True,,False,False,True,True,2019-04-01,1"
"308,Female,30 to 39,Switzerland,Switzerland,Switzerland,Sales & Marketing,,,5,Senior Officer,Junior/IC,,,True,False,True,,False,False,False,False,2020-04-01,0"
"309,Male,40 to 49,Switzerland,Switzerland,Switzerland,Sales & Marketing,4.0,Manager,4,Manager,Mid Management,4.0,3.0,False,True,False,FY20,False,False,False,True,2013-04-01,3"
"310,Female,30 to 39,Germany,Europe,Europe,Operations,,,4,Manager,Mid Management,,,True,False,True,,False,False,False,False,2020-04-01,0"
"311,Female,20 to 29,Italy,Europe,Europe,Operations,6.0,Junior Officer,6,Junior Officer,Junior/IC,4.0,2.0,False,False,True,,False,False,True,True,2017-04-01,3"
"312,Female,30 to 39,Germany,Europe,Europe,Operations,5.0,Senior Officer,5,Senior Officer,Junior/IC,3.0,2.0,False,False,True,,False,False,True,True,2012-04-01,4"
"313,Male,20 to 29,France,Europe,Europe,Operations,6.0,Junior Officer,6,Junior Officer,Junior/IC,3.0,2.0,False,False,True,,False,False,True,True,2018-04-01,2"
"314,Female,20 to 29,France,Europe,Europe,Operations,,,6,Junior Officer,Junior/IC,,,True,False,True,,False,False,False,False,2020-04-01,0"
"315,Female,20 to 29,Switzerland,Switzerland,Switzerland,Operations,,,6,Junior Officer,Junior/IC,,,True,False,True,,False,False,False,False,2020-04-01,0"
"316,Male,40 to 49,France,Europe,Europe,Operations,2.0,Director,1,Executive,Senior Leadership,2.0,,False,False,True,,True,False,False,True,2013-04-01,1"
"317,Female,20 to 29,Switzerland,Switzerland,Switzerland,Operations,6.0,Junior Officer,6,Junior Officer,Junior/IC,3.0,1.0,False,False,True,,False,True,True,True,2015-04-01,5"
"318,Female,40 to 49,Germany,Europe,Europe,Operations,,,3,Senior Manager,Mid Management,,,True,False,True,,False,False,False,False,2020-04-01,0"
"319,Male,20 to 29,Germany,Europe,Europe,Operations,6.0,Junior Officer,6,Junior Officer,Junior/IC,2.0,1.0,False,False,True,,False,True,True,True,2018-04-01,2"
"320,Female,30 to 39,Switzerland,Switzerland,Switzerland,Sales & Marketing,,,5,Senior Officer,Junior/IC,,,True,False,True,,False,False,False,False,2020-04-01,0"
"321,Male,30 to 39,Switzerland,Switzerland,Switzerland,Operations,3.0,Senior Manager,3,Senior Manager,Mid Management,3.0,3.0,False,False,True,,False,False,True,True,2011-04-01,3"
"322,Female,40 to 49,Switzerland,Switzerland,Switzerland,Internal Services,3.0,Senior Manager,3,Senior Manager,Mid Management,3.0,3.0,False,False,True,,False,False,True,True,2016-04-01,3"
"323,Male,20 to 29,Switzerland,Switzerland,Switzerland,Sales & Marketing,5.0,Senior Officer,5,Senior Officer,Junior/IC,,2.0,False,False,True,,False,False,True,True,2017-04-01,3"
"324,Male,30 to 39,Switzerland,Switzerland,Switzerland,Internal Services,4.0,Manager,3,Senior Manager,Mid Management,1.0,2.0,False,False,True,,True,True,True,True,2013-04-01,1"
"325,Female,30 to 39,Switzerland,Switzerland,Switzerland,Operations,5.0,Senior Officer,5,Senior Officer,Junior/IC,4.0,2.0,False,False,True,,False,False,True,True,2016-04-01,2"
"326,Male,30 to 39,France,Europe,Europe,Sales & Marketing,2.0,Director,2,Director,Senior Leadership,3.0,2.0,False,False,True,,False,False,True,True,2015-04-01,3"
"327,Male,40 to 49,Switzerland,Switzerland,Switzerland,Sales & Marketing,5.0,Senior Officer,4,Manager,Mid Management,1.0,3.0,False,False,True,,True,False,True,True,2014-04-01,1"
"328,Female,30 to 39,Germany,Europe,Europe,Operations,5.0,Senior Officer,5,Senior Officer,Junior/IC,2.0,3.0,False,False,True,,False,False,True,True,2014-04-01,3"
"329,Female,40 to 49,Italy,Europe,Europe,Sales & Marketing,4.0,Manager,4,Manager,Mid Management,2.0,,False,True,False,FY20,False,False,False,True,2013-04-01,2"
"330,Female,50 to 59,Switzerland,Switzerland,Switzerland,Operations,4.0,Manager,4,Manager,Mid Management,3.0,3.0,False,True,False,FY20,False,False,False,True,2015-04-01,3"
"331,Female,20 to 29,Switzerland,Switzerland,Switzerland,Sales & Marketing,6.0,Junior Officer,6,Junior Officer,Junior/IC,3.0,2.0,False,False,True,,False,False,True,True,2017-04-01,3"
"332,Male,20 to 29,Switzerland,Switzerland,Switzerland,Operations,6.0,Junior Officer,6,Junior Officer,Junior/IC,3.0,2.0,False,False,True,,False,False,True,True,2018-04-01,2"
"333,Male,20 to 29,Switzerland,Switzerland,Switzerland,Sales & Marketing,6.0,Junior Officer,6,Junior Officer,Junior/IC,,3.0,False,False,True,,False,False,True,True,2019-04-01,1"
"334,Male,16 to 19,Germany,Europe,Europe,Internal Services,6.0,Junior Officer,6,Junior Officer,Junior/IC,4.0,3.0,False,False,True,,False,False,True,True,2018-04-01,2"
"335,Female,20 to 29,Switzerland,Switzerland,Switzerland,Operations,6.0,Junior Officer,6,Junior Officer,Junior/IC,2.0,3.0,False,False,True,,False,False,True,True,2017-04-01,3"
"336,Male,20 to 29,France,Europe,Europe,Sales & Marketing,6.0,Junior Officer,6,Junior Officer,Junior/IC,3.0,2.0,False,False,True,,False,False,True,True,2017-04-01,3"
"337,Male,40 to 49,Switzerland,Switzerland,Switzerland,Strategy,2.0,Director,2,Director,Senior Leadership,,2.0,False,False,True,,False,False,True,True,2016-04-01,4"
"338,Female,20 to 29,France,Europe,Europe,Operations,6.0,Junior Officer,6,Junior Officer,Junior/IC,3.0,2.0,False,False,True,,False,False,True,True,2018-04-01,2"
"339,Female,30 to 39,Switzerland,Switzerland,Switzerland,Sales & Marketing,4.0,Manager,4,Manager,Mid Management,3.0,3.0,False,False,True,,False,False,True,True,2016-04-01,3"
"340,Male,20 to 29,France,Europe,Europe,Internal Services,5.0,Senior Officer,5,Senior Officer,Junior/IC,2.0,2.0,False,False,True,,False,False,True,True,2014-04-01,2"
"341,Female,20 to 29,Switzerland,Switzerland,Switzerland,Sales & Marketing,,,6,Junior Officer,Junior/IC,,,True,False,True,,False,False,False,False,2020-04-01,0"
"342,Female,30 to 39,Switzerland,Switzerland,Switzerland,Finance,4.0,Manager,4,Manager,Mid Management,3.0,3.0,False,False,True,,False,False,True,True,2017-04-01,3"
"343,Female,40 to 49,Switzerland,Switzerland,Switzerland,Hr,1.0,Executive,1,Executive,Senior Leadership,2.0,,False,False,True,,False,False,False,True,2017-04-01,2"
"344,Male,30 to 39,Germany,Europe,Europe,Operations,5.0,Senior Officer,5,Senior Officer,Junior/IC,,2.0,False,False,True,,False,True,True,True,2019-04-01,1"
"345,Female,20 to 29,Switzerland,Switzerland,Switzerland,Sales & Marketing,6.0,Junior Officer,6,Junior Officer,Junior/IC,3.0,2.0,False,False,True,,False,False,True,True,2017-04-01,3"
"346,Male,30 to 39,Malaysia,Asia Pacific,Elsewhere,Internal Services,4.0,Manager,4,Manager,Mid Management,3.0,3.0,False,False,True,,False,False,True,True,2013-04-01,2"
"347,Male,40 to 49,Switzerland,Switzerland,Switzerland,Operations,3.0,Senior Manager,3,Senior Manager,Mid Management,3.0,3.0,False,False,True,,False,False,True,True,2014-04-01,3"
"348,Male,20 to 29,United Kingdom,Europe,Europe,Operations,5.0,Senior Officer,5,Senior Officer,Junior/IC,3.0,3.0,False,False,True,,False,False,True,True,2016-04-01,4"
"349,Female,20 to 29,Germany,Europe,Europe,Operations,6.0,Junior Officer,6,Junior Officer,Junior/IC,2.0,3.0,False,False,True,,False,False,True,True,2017-04-01,3"
"350,Male,20 to 29,Germany,Europe,Europe,Operations,6.0,Junior Officer,6,Junior Officer,Junior/IC,2.0,3.0,False,True,False,FY20,False,False,False,True,2018-04-01,2"
"351,Male,30 to 39,Germany,Europe,Europe,Sales & Marketing,4.0,Manager,4,Manager,Mid Management,2.0,2.0,False,False,True,,False,False,True,True,2016-04-01,4"
"352,Male,20 to 29,Switzerland,Switzerland,Switzerland,Sales & Marketing,6.0,Junior Officer,6,Junior Officer,Junior/IC,,2.0,False,False,True,,False,True,True,True,2019-04-01,1"
"353,Female,30 to 39,Germany,Europe,Europe,Sales & Marketing,5.0,Senior Officer,5,Senior Officer,Junior/IC,2.0,3.0,False,False,True,,False,False,True,True,2016-04-01,6"
"354,Female,20 to 29,Greece,Europe,Europe,Operations,,,6,Junior Officer,Junior/IC,,,True,False,True,,False,False,False,False,2020-04-01,0"
"355,Male,20 to 29,Italy,Europe,Europe,Operations,,,6,Junior Officer,Junior/IC,,,True,False,True,,False,False,False,False,2020-04-01,0"
"356,Male,30 to 39,Switzerland,Switzerland,Switzerland,Sales & Marketing,5.0,Senior Officer,5,Senior Officer,Junior/IC,2.0,2.0,False,False,True,,False,True,True,True,2017-04-01,3"
"357,Female,20 to 29,Switzerland,Switzerland,Switzerland,Operations,6.0,Junior Officer,6,Junior Officer,Junior/IC,3.0,2.0,False,False,True,,False,False,True,True,2017-04-01,3"
"358,Female,30 to 39,France,Europe,Europe,Operations,5.0,Senior Officer,5,Senior Officer,Junior/IC,2.0,3.0,False,False,True,,False,False,True,True,2011-04-01,3"
"359,Female,20 to 29,United States,Americas,Elsewhere,Sales & Marketing,5.0,Senior Officer,5,Senior Officer,Junior/IC,3.0,2.0,False,False,True,,False,False,True,True,2011-04-01,3"
"360,Male,20 to 29,Italy,Europe,Europe,Internal Services,,,5,Senior Officer,Junior/IC,,,True,False,True,,False,False,False,False,2020-04-01,0"
"361,Male,30 to 39,Switzerland,Switzerland,Switzerland,Internal Services,3.0,Senior Manager,3,Senior Manager,Mid Management,2.0,2.0,False,False,True,,False,False,True,True,2011-04-01,4"
"362,Female,20 to 29,United States,Americas,Elsewhere,Operations,6.0,Junior Officer,6,Junior Officer,Junior/IC,3.0,3.0,False,False,True,,False,False,True,True,2015-04-01,5"
"363,Male,40 to 49,France,Europe,Europe,Strategy,1.0,Executive,1,Executive,Senior Leadership,3.0,,False,False,True,,False,False,False,True,2013-04-01,4"
"364,Male,20 to 29,France,Europe,Europe,Operations,6.0,Junior Officer,5,Senior Officer,Junior/IC,2.0,4.0,False,False,True,,True,False,True,True,2018-04-01,1"
"365,Male,30 to 39,Switzerland,Switzerland,Switzerland,Sales & Marketing,4.0,Manager,4,Manager,Mid Management,2.0,3.0,False,False,True,,False,False,True,True,2011-04-01,2"
"366,Female,30 to 39,Switzerland,Switzerland,Switzerland,Finance,6.0,Junior Officer,6,Junior Officer,Junior/IC,3.0,1.0,False,False,True,,False,True,True,True,2017-04-01,3"
"367,Female,20 to 29,Switzerland,Switzerland,Switzerland,Sales & Marketing,,,5,Senior Officer,Junior/IC,,,True,False,True,,False,False,False,False,2020-04-01,0"
"368,Male,20 to 29,Switzerland,Switzerland,Switzerland,Sales & Marketing,,,5,Senior Officer,Junior/IC,,,True,False,True,,False,False,False,False,2020-04-01,0"
"369,Female,40 to 49,Russia,Europe,Europe,Sales & Marketing,5.0,Senior Officer,5,Senior Officer,Junior/IC,3.0,,False,True,False,FY20,False,False,False,True,2011-04-01,3"
"370,Female,20 to 29,Switzerland,Switzerland,Switzerland,Operations,6.0,Junior Officer,6,Junior Officer,Junior/IC,,1.0,False,False,True,,False,False,True,True,2019-04-01,1"
"371,Male,20 to 29,Switzerland,Switzerland,Switzerland,Operations,6.0,Junior Officer,6,Junior Officer,Junior/IC,,2.0,False,False,True,,False,False,True,True,2019-04-01,1"
"372,Male,40 to 49,France,Europe,Europe,Sales & Marketing,4.0,Manager,4,Manager,Mid Management,3.0,2.0,False,False,True,,False,True,True,True,2015-04-01,2"
"373,Male,30 to 39,Switzerland,Switzerland,Switzerland,Operations,4.0,Manager,4,Manager,Mid Management,3.0,2.0,False,False,True,,False,False,True,True,2012-04-01,2"
"374,Female,40 to 49,France,Europe,Europe,Internal Services,4.0,Manager,4,Manager,Mid Management,2.0,3.0,False,False,True,,False,False,True,True,2014-04-01,3"
"375,Female,20 to 29,Germany,Europe,Europe,Operations,5.0,Senior Officer,5,Senior Officer,Junior/IC,2.0,2.0,False,False,True,,False,False,True,True,2011-04-01,2"
"376,Male,30 to 39,Switzerland,Switzerland,Switzerland,Sales & Marketing,4.0,Manager,3,Senior Manager,Mid Management,1.0,2.0,False,False,True,,True,False,True,True,2017-04-01,1"
"377,Female,20 to 29,Switzerland,Switzerland,Switzerland,Strategy,6.0,Junior Officer,6,Junior Officer,Junior/IC,2.0,2.0,False,False,True,,False,False,True,True,2017-04-01,3"
"378,Male,20 to 29,France,Europe,Europe,Operations,,,6,Junior Officer,Junior/IC,,,True,False,True,,False,False,False,False,2020-04-01,0"
"379,Female,20 to 29,Italy,Europe,Europe,Sales & Marketing,6.0,Junior Officer,5,Senior Officer,Junior/IC,1.0,3.0,False,False,True,,True,False,True,True,2013-04-01,1"
"380,Female,20 to 29,Switzerland,Switzerland,Switzerland,Sales & Marketing,6.0,Junior Officer,6,Junior Officer,Junior/IC,2.0,3.0,False,False,True,,False,False,True,True,2017-04-01,3"
"381,Male,20 to 29,Switzerland,Switzerland,Switzerland,Finance,6.0,Junior Officer,6,Junior Officer,Junior/IC,3.0,2.0,False,False,True,,False,False,True,True,2018-04-01,2"
"382,Male,20 to 29,Switzerland,Switzerland,Switzerland,Internal Services,6.0,Junior Officer,6,Junior Officer,Junior/IC,3.0,2.0,False,False,True,,False,False,True,True,2018-04-01,2"
"383,Male,20 to 29,Switzerland,Switzerland,Switzerland,Sales & Marketing,3.0,Senior Manager,3,Senior Manager,Mid Management,4.0,2.0,False,True,False,FY20,False,False,False,True,2011-04-01,3"
"384,Male,20 to 29,Italy,Europe,Europe,Operations,,,6,Junior Officer,Junior/IC,,,True,False,True,,False,False,False,False,2020-04-01,0"
"385,Male,40 to 49,France,Europe,Europe,Sales & Marketing,3.0,Senior Manager,3,Senior Manager,Mid Management,2.0,2.0,False,False,True,,False,True,True,True,2016-04-01,4"
"386,Female,20 to 29,France,Europe,Europe,Hr,6.0,Junior Officer,6,Junior Officer,Junior/IC,3.0,2.0,False,False,True,,False,False,True,True,2017-04-01,3"
"387,Female,40 to 49,Italy,Europe,Europe,Operations,4.0,Manager,4,Manager,Mid Management,2.0,2.0,False,False,True,,False,False,True,True,2015-04-01,3"
"388,Male,20 to 29,Switzerland,Switzerland,Switzerland,Sales & Marketing,6.0,Junior Officer,6,Junior Officer,Junior/IC,2.0,2.0,False,False,True,,False,False,True,True,2017-04-01,3"
"389,Male,20 to 29,Switzerland,Switzerland,Switzerland,Operations,6.0,Junior Officer,6,Junior Officer,Junior/IC,3.0,3.0,False,False,True,,False,False,True,True,2017-04-01,3"
"390,Male,20 to 29,Switzerland,Switzerland,Switzerland,Internal Services,6.0,Junior Officer,6,Junior Officer,Junior/IC,3.0,2.0,False,False,True,,False,False,True,True,2018-04-01,2"
"391,Male,30 to 39,Switzerland,Switzerland,Switzerland,Internal Services,4.0,Manager,4,Manager,Mid Management,3.0,2.0,False,False,True,,False,False,True,True,2012-04-01,5"
"392,Male,40 to 49,France,Europe,Europe,Operations,4.0,Manager,3,Senior Manager,Mid Management,2.0,3.0,False,False,True,,True,False,True,True,2014-04-01,1"
"393,Male,20 to 29,Switzerland,Switzerland,Switzerland,Operations,5.0,Senior Officer,5,Senior Officer,Junior/IC,2.0,2.0,False,False,True,,False,False,True,True,2011-04-01,3"
"394,Male,30 to 39,Switzerland,Switzerland,Switzerland,Operations,4.0,Manager,4,Manager,Mid Management,3.0,3.0,False,False,True,,False,False,True,True,2013-04-01,5"
"395,Male,20 to 29,France,Europe,Europe,Operations,6.0,Junior Officer,6,Junior Officer,Junior/IC,3.0,2.0,False,False,True,,False,False,True,True,2017-04-01,3"
"396,Female,20 to 29,France,Europe,Europe,Sales & Marketing,6.0,Junior Officer,6,Junior Officer,Junior/IC,,3.0,False,False,True,,False,False,True,True,2019-04-01,1"
"397,Male,30 to 39,Switzerland,Switzerland,Switzerland,Sales & Marketing,,,4,Manager,Mid Management,,,True,False,True,,False,False,False,False,2020-04-01,0"
"398,Male,30 to 39,France,Europe,Europe,Operations,5.0,Senior Officer,4,Manager,Mid Management,2.0,2.0,False,False,True,,True,False,True,True,2011-04-01,1"
"399,Male,20 to 29,Germany,Europe,Europe,Sales & Marketing,6.0,Junior Officer,6,Junior Officer,Junior/IC,2.0,2.0,False,False,True,,False,False,True,True,2017-04-01,3"
"400,Female,20 to 29,Germany,Europe,Europe,Operations,,,6,Junior Officer,Junior/IC,,,True,False,True,,False,False,False,False,2020-04-01,0"
"401,Female,20 to 29,Germany,Europe,Europe,Operations,6.0,Junior Officer,6,Junior Officer,Junior/IC,2.0,4.0,False,False,True,,False,False,True,True,2018-04-01,2"
"402,Female,30 to 39,Switzerland,Switzerland,Switzerland,Operations,,,5,Senior Officer,Junior/IC,,,True,False,True,,False,False,False,False,2020-04-01,0"
"403,Male,20 to 29,France,Europe,Europe,Sales & Marketing,6.0,Junior Officer,6,Junior Officer,Junior/IC,3.0,2.0,False,False,True,,False,False,True,True,2017-04-01,3"
"404,Male,50 to 59,France,Europe,Europe,Strategy,1.0,Executive,1,Executive,Senior Leadership,2.0,,False,False,True,,False,False,False,True,2016-04-01,2"
"405,Male,40 to 49,Switzerland,Switzerland,Switzerland,Strategy,1.0,Executive,1,Executive,Senior Leadership,3.0,,False,False,True,,False,False,False,True,2012-04-01,5"
"406,Male,30 to 39,France,Europe,Europe,Operations,3.0,Senior Manager,3,Senior Manager,Mid Management,2.0,2.0,False,False,True,,False,False,True,True,2017-04-01,2"
"407,Male,60 to 69,Switzerland,Switzerland,Switzerland,Internal Services,2.0,Director,2,Director,Senior Leadership,2.0,2.0,False,False,True,,False,False,True,True,2015-04-01,3"
"408,Male,20 to 29,Switzerland,Switzerland,Switzerland,Sales & Marketing,5.0,Senior Officer,5,Senior Officer,Junior/IC,,2.0,False,False,True,,False,False,True,True,2015-04-01,5"
"409,Female,20 to 29,Switzerland,Switzerland,Switzerland,Sales & Marketing,6.0,Junior Officer,6,Junior Officer,Junior/IC,2.0,2.0,False,False,True,,False,False,True,True,2015-04-01,5"
"410,Male,20 to 29,Switzerland,Switzerland,Switzerland,Sales & Marketing,,,5,Senior Officer,Junior/IC,,,True,False,True,,False,False,False,False,2020-04-01,0"
"411,Female,40 to 49,Germany,Europe,Europe,Operations,,,4,Manager,Mid Management,,,True,False,True,,False,False,False,False,2020-04-01,0"
"412,Female,30 to 39,France,Europe,Europe,Operations,5.0,Senior Officer,5,Senior Officer,Junior/IC,3.0,2.0,False,False,True,,False,False,True,True,2013-04-01,2"
"413,Male,40 to 49,Switzerland,Switzerland,Switzerland,Internal Services,2.0,Director,2,Director,Senior Leadership,3.0,3.0,False,False,True,,False,False,True,True,2013-04-01,5"
"414,Female,30 to 39,Germany,Europe,Europe,Operations,6.0,Junior Officer,5,Senior Officer,Junior/IC,1.0,3.0,False,False,True,,True,False,True,True,2015-04-01,1"
"415,Male,20 to 29,Italy,Europe,Europe,Sales & Marketing,6.0,Junior Officer,6,Junior Officer,Junior/IC,,2.0,False,False,True,,False,False,True,True,2019-04-01,1"
"416,Male,30 to 39,Switzerland,Switzerland,Switzerland,Strategy,3.0,Senior Manager,3,Senior Manager,Mid Management,2.0,2.0,False,False,True,,False,False,True,True,2012-04-01,2"
"417,Male,30 to 39,Switzerland,Switzerland,Switzerland,Operations,3.0,Senior Manager,3,Senior Manager,Mid Management,2.0,2.0,False,False,True,,False,False,True,True,2018-04-01,2"
"418,Female,30 to 39,Switzerland,Switzerland,Switzerland,Sales & Marketing,6.0,Junior Officer,6,Junior Officer,Junior/IC,2.0,2.0,False,False,True,,False,True,True,True,2018-04-01,2"
"419,Male,20 to 29,Switzerland,Switzerland,Switzerland,Sales & Marketing,6.0,Junior Officer,6,Junior Officer,Junior/IC,2.0,3.0,False,False,True,,False,False,True,True,2017-04-01,3"
"420,Female,30 to 39,Germany,Europe,Europe,Operations,5.0,Senior Officer,5,Senior Officer,Junior/IC,3.0,3.0,False,False,True,,False,False,True,True,2014-04-01,2"
"421,Male,40 to 49,France,Europe,Europe,Strategy,2.0,Director,2,Director,Senior Leadership,3.0,3.0,False,False,True,,False,True,True,True,2015-04-01,3"
"422,Female,20 to 29,Switzerland,Switzerland,Switzerland,Operations,6.0,Junior Officer,6,Junior Officer,Junior/IC,2.0,2.0,False,False,True,,False,False,True,True,2018-04-01,2"
"423,Male,20 to 29,Germany,Europe,Europe,Operations,6.0,Junior Officer,6,Junior Officer,Junior/IC,3.0,3.0,False,False,True,,False,False,True,True,2017-04-01,3"
"424,Female,20 to 29,Switzerland,Switzerland,Switzerland,Operations,,,6,Junior Officer,Junior/IC,,,True,False,True,,False,False,False,False,2020-04-01,0"
"425,Male,40 to 49,Germany,Europe,Europe,Strategy,2.0,Director,1,Executive,Senior Leadership,2.0,,False,False,True,,True,False,False,True,2015-04-01,1"
"426,Female,20 to 29,Italy,Europe,Europe,Sales & Marketing,6.0,Junior Officer,6,Junior Officer,Junior/IC,3.0,2.0,False,False,True,,False,False,True,True,2018-04-01,2"
"427,Male,60 to 69,France,Europe,Europe,Strategy,,,1,Executive,Senior Leadership,,,True,False,True,,False,False,False,False,2020-04-01,0"
"428,Female,30 to 39,Switzerland,Switzerland,Switzerland,Finance,5.0,Senior Officer,5,Senior Officer,Junior/IC,2.0,3.0,False,True,False,FY20,False,False,False,True,2012-04-01,4"
"429,Male,30 to 39,United Kingdom,Europe,Europe,Operations,4.0,Manager,3,Senior Manager,Mid Management,1.0,2.0,False,False,True,,True,False,True,True,2013-04-01,1"
"430,Male,20 to 29,Switzerland,Switzerland,Switzerland,Sales & Marketing,5.0,Senior Officer,5,Senior Officer,Junior/IC,3.0,4.0,False,False,True,,False,False,True,True,2016-04-01,3"
"431,Male,30 to 39,Switzerland,Switzerland,Switzerland,Operations,4.0,Manager,4,Manager,Mid Management,2.0,4.0,False,False,True,,False,False,True,True,2018-04-01,2"
"432,Female,20 to 29,France,Europe,Europe,Operations,6.0,Junior Officer,6,Junior Officer,Junior/IC,2.0,2.0,False,False,True,,False,False,True,True,2018-04-01,2"
"433,Male,30 to 39,Switzerland,Switzerland,Switzerland,Operations,2.0,Director,2,Director,Senior Leadership,,3.0,False,False,True,,False,False,True,True,2017-04-01,3"
"434,Female,30 to 39,Germany,Europe,Europe,Internal Services,,,4,Manager,Mid Management,,,True,False,True,,False,False,False,False,2020-04-01,0"
"435,Female,30 to 39,Switzerland,Switzerland,Switzerland,Hr,4.0,Manager,4,Manager,Mid Management,3.0,1.0,False,False,True,,False,True,True,True,2011-04-01,5"
"436,Female,20 to 29,France,Europe,Europe,Operations,6.0,Junior Officer,6,Junior Officer,Junior/IC,3.0,3.0,False,False,True,,False,False,True,True,2016-04-01,4"
"437,Male,30 to 39,France,Europe,Europe,Internal Services,4.0,Manager,4,Manager,Mid Management,3.0,2.0,False,False,True,,False,False,True,True,2015-04-01,3"
"438,Male,30 to 39,France,Europe,Europe,Operations,2.0,Director,2,Director,Senior Leadership,2.0,3.0,False,False,True,,False,False,True,True,2011-04-01,4"
"439,Female,30 to 39,Switzerland,Switzerland,Switzerland,Internal Services,6.0,Junior Officer,6,Junior Officer,Junior/IC,3.0,2.0,False,True,False,FY20,False,False,False,True,2017-04-01,3"
"440,Male,40 to 49,Italy,Europe,Europe,Internal Services,5.0,Senior Officer,4,Manager,Mid Management,1.0,2.0,False,False,True,,True,True,True,True,2016-04-01,1"
"441,Female,20 to 29,France,Europe,Europe,Sales & Marketing,,,6,Junior Officer,Junior/IC,,,True,False,True,,False,False,False,False,2020-04-01,0"
"442,Female,40 to 49,Germany,Europe,Europe,Operations,5.0,Senior Officer,5,Senior Officer,Junior/IC,2.0,2.0,False,False,True,,False,True,True,True,2011-04-01,4"
"443,Male,20 to 29,France,Europe,Europe,Operations,6.0,Junior Officer,6,Junior Officer,Junior/IC,2.0,3.0,False,False,True,,False,False,True,True,2018-04-01,2"
"444,Male,20 to 29,Switzerland,Switzerland,Switzerland,Sales & Marketing,6.0,Junior Officer,5,Senior Officer,Junior/IC,2.0,3.0,False,False,True,,True,False,True,True,2015-04-01,1"
"445,Male,30 to 39,Switzerland,Switzerland,Switzerland,Internal Services,4.0,Manager,4,Manager,Mid Management,3.0,2.0,False,False,True,,False,False,True,True,2012-04-01,3"
"446,Male,40 to 49,Switzerland,Switzerland,Switzerland,Sales & Marketing,2.0,Director,2,Director,Senior Leadership,2.0,2.0,False,False,True,,False,False,True,True,2014-04-01,6"
"447,Female,20 to 29,Switzerland,Switzerland,Switzerland,Sales & Marketing,6.0,Junior Officer,6,Junior Officer,Junior/IC,2.0,2.0,False,False,True,,False,False,True,True,2017-04-01,3"
"448,Male,30 to 39,Switzerland,Switzerland,Switzerland,Operations,3.0,Senior Manager,3,Senior Manager,Mid Management,3.0,2.0,False,False,True,,False,False,True,True,2015-04-01,3"
"449,Male,16 to 19,Switzerland,Switzerland,Switzerland,Operations,6.0,Junior Officer,6,Junior Officer,Junior/IC,3.0,2.0,False,False,True,,False,False,True,True,2017-04-01,3"
"450,Male,30 to 39,Switzerland,Switzerland,Switzerland,Operations,5.0,Senior Officer,5,Senior Officer,Junior/IC,2.0,2.0,False,False,True,,False,False,True,True,2013-04-01,3"
"451,Male,20 to 29,France,Europe,Europe,Sales & Marketing,5.0,Senior Officer,5,Senior Officer,Junior/IC,,2.0,False,False,True,,False,False,True,True,2018-04-01,2"
"452,Female,20 to 29,Belgium,Europe,Europe,Operations,6.0,Junior Officer,6,Junior Officer,Junior/IC,2.0,2.0,False,False,True,,False,False,True,True,2018-04-01,2"
"453,Male,30 to 39,Switzerland,Switzerland,Switzerland,Sales & Marketing,2.0,Director,2,Director,Senior Leadership,3.0,2.0,False,False,True,,False,False,True,True,2012-04-01,4"
"454,Male,30 to 39,Switzerland,Switzerland,Switzerland,Operations,5.0,Senior Officer,5,Senior Officer,Junior/IC,2.0,1.0,False,False,True,,False,True,True,True,2016-04-01,3"
"455,Female,40 to 49,France,Europe,Europe,Sales & Marketing,1.0,Executive,1,Executive,Senior Leadership,2.0,,False,False,True,,False,False,False,True,2016-04-01,4"
"456,Male,20 to 29,Netherlands,Europe,Europe,Internal Services,5.0,Senior Officer,5,Senior Officer,Junior/IC,2.0,2.0,False,False,True,,False,False,True,True,2013-04-01,3"
"457,Male,30 to 39,Switzerland,Switzerland,Switzerland,Sales & Marketing,5.0,Senior Officer,5,Senior Officer,Junior/IC,2.0,2.0,False,False,True,,False,True,True,True,2013-04-01,3"
"458,Female,40 to 49,Germany,Europe,Europe,Sales & Marketing,3.0,Senior Manager,3,Senior Manager,Mid Management,3.0,4.0,False,False,True,,False,False,True,True,2011-04-01,2"
"459,Female,20 to 29,Switzerland,Switzerland,Switzerland,Internal Services,6.0,Junior Officer,6,Junior Officer,Junior/IC,2.0,2.0,False,False,True,,False,False,True,True,2017-04-01,3"
"460,Male,30 to 39,Switzerland,Switzerland,Switzerland,Sales & Marketing,4.0,Manager,4,Manager,Mid Management,3.0,3.0,False,False,True,,False,False,True,True,2015-04-01,2"
"461,Female,20 to 29,Switzerland,Switzerland,Switzerland,Operations,6.0,Junior Officer,6,Junior Officer,Junior/IC,2.0,3.0,False,False,True,,False,False,True,True,2018-04-01,2"
"462,Male,30 to 39,Switzerland,Switzerland,Switzerland,Operations,4.0,Manager,4,Manager,Mid Management,2.0,2.0,False,False,True,,False,True,True,True,2016-04-01,3"
"463,Female,16 to 19,France,Europe,Europe,Operations,6.0,Junior Officer,6,Junior Officer,Junior/IC,2.0,2.0,False,False,True,,False,False,True,True,2018-04-01,2"
"464,Male,20 to 29,France,Europe,Europe,Sales & Marketing,6.0,Junior Officer,6,Junior Officer,Junior/IC,,2.0,False,False,True,,False,False,True,True,2019-04-01,1"
"465,Male,30 to 39,Switzerland,Switzerland,Switzerland,Sales & Marketing,3.0,Senior Manager,3,Senior Manager,Mid Management,2.0,2.0,False,False,True,,False,False,True,True,2014-04-01,2"
"466,Female,20 to 29,Switzerland,Switzerland,Switzerland,Sales & Marketing,6.0,Junior Officer,6,Junior Officer,Junior/IC,2.0,3.0,False,False,True,,False,False,True,True,2017-04-01,3"
"467,Male,40 to 49,Switzerland,Switzerland,Switzerland,Sales & Marketing,2.0,Director,2,Director,Senior Leadership,2.0,2.0,False,False,True,,False,True,True,True,2015-04-01,5"
"468,Male,30 to 39,Switzerland,Switzerland,Switzerland,Strategy,1.0,Executive,1,Executive,Senior Leadership,3.0,,False,True,False,FY20,False,False,False,True,2013-04-01,2"
"469,Male,20 to 29,France,Europe,Europe,Sales & Marketing,6.0,Junior Officer,6,Junior Officer,Junior/IC,3.0,2.0,False,False,True,,False,False,True,True,2018-04-01,2"
"470,Female,20 to 29,Germany,Europe,Europe,Operations,6.0,Junior Officer,6,Junior Officer,Junior/IC,3.0,2.0,False,False,True,,False,False,True,True,2017-04-01,3"
"471,Male,20 to 29,France,Europe,Europe,Internal Services,6.0,Junior Officer,6,Junior Officer,Junior/IC,3.0,3.0,False,False,True,,False,False,True,True,2018-04-01,2"
"472,Male,20 to 29,Switzerland,Switzerland,Switzerland,Internal Services,6.0,Junior Officer,6,Junior Officer,Junior/IC,3.0,2.0,False,False,True,,False,False,True,True,2018-04-01,2"
"473,Female,40 to 49,Switzerland,Switzerland,Switzerland,Operations,4.0,Manager,4,Manager,Mid Management,,2.0,False,False,True,,False,True,True,True,2012-04-01,3"
"474,Male,30 to 39,Switzerland,Switzerland,Switzerland,Sales & Marketing,4.0,Manager,4,Manager,Mid Management,3.0,3.0,False,False,True,,False,False,True,True,2013-04-01,3"
"475,Female,20 to 29,France,Europe,Europe,Sales & Marketing,6.0,Junior Officer,6,Junior Officer,Junior/IC,3.0,2.0,False,False,True,,False,False,True,True,2017-04-01,3"
"476,Female,20 to 29,Germany,Europe,Europe,Operations,6.0,Junior Officer,6,Junior Officer,Junior/IC,2.0,3.0,False,False,True,,False,False,True,True,2017-04-01,3"
"477,Female,40 to 49,Switzerland,Switzerland,Switzerland,Internal Services,2.0,Director,2,Director,Senior Leadership,2.0,2.0,False,False,True,,False,True,True,True,2014-04-01,6"
"478,Female,20 to 29,Switzerland,Switzerland,Switzerland,Operations,,,6,Junior Officer,Junior/IC,,,True,False,True,,False,False,False,False,2020-04-01,0"
"479,Male,50 to 59,Switzerland,Switzerland,Switzerland,Operations,6.0,Junior Officer,6,Junior Officer,Junior/IC,4.0,4.0,False,True,False,FY20,False,False,False,True,2017-04-01,3"
"480,Male,30 to 39,Switzerland,Switzerland,Switzerland,Sales & Marketing,,,3,Senior Manager,Mid Management,,,True,False,True,,False,False,False,False,2020-04-01,0"
"481,Male,30 to 39,Italy,Europe,Europe,Internal Services,3.0,Senior Manager,3,Senior Manager,Mid Management,3.0,2.0,False,False,True,,False,False,True,True,2016-04-01,2"
"482,Male,30 to 39,Switzerland,Switzerland,Switzerland,Operations,3.0,Senior Manager,3,Senior Manager,Mid Management,3.0,3.0,False,False,True,,False,False,True,True,2011-04-01,3"
"483,Female,30 to 39,Italy,Europe,Europe,Operations,6.0,Junior Officer,6,Junior Officer,Junior/IC,3.0,3.0,False,True,False,FY20,False,False,False,True,2016-04-01,4"
"484,Male,60 to 69,Japan,Asia Pacific,Elsewhere,Strategy,,,1,Executive,Senior Leadership,,,True,False,True,,False,False,False,False,2020-04-01,0"
"485,Male,30 to 39,Germany,Europe,Europe,Operations,5.0,Senior Officer,4,Manager,Mid Management,1.0,3.0,False,False,True,,True,False,True,True,2013-04-01,1"
"486,Female,40 to 49,Germany,Europe,Europe,Operations,6.0,Junior Officer,6,Junior Officer,Junior/IC,3.0,2.0,False,True,False,FY20,False,False,False,True,2018-04-01,2"
"487,Female,30 to 39,Italy,Europe,Europe,Internal Services,5.0,Senior Officer,4,Manager,Mid Management,2.0,3.0,False,False,True,,True,False,True,True,2015-04-01,1"
"488,Female,20 to 29,Switzerland,Switzerland,Switzerland,Sales & Marketing,6.0,Junior Officer,6,Junior Officer,Junior/IC,,2.0,False,False,True,,False,False,True,True,2019-04-01,1"
"489,Male,30 to 39,Switzerland,Switzerland,Switzerland,Operations,,,4,Manager,Mid Management,,,True,False,True,,False,False,False,False,2020-04-01,0"
"490,Male,30 to 39,Switzerland,Switzerland,Switzerland,Finance,,,3,Senior Manager,Mid Management,,,True,False,True,,False,False,False,False,2020-04-01,0"
"491,Female,30 to 39,United Kingdom,Europe,Europe,Internal Services,,,5,Senior Officer,Junior/IC,,,True,False,True,,False,False,False,False,2020-04-01,0"
"492,Male,40 to 49,Switzerland,Switzerland,Switzerland,Sales & Marketing,2.0,Director,2,Director,Senior Leadership,2.0,1.0,False,False,True,,False,False,True,True,2012-04-01,3"
"493,Male,30 to 39,France,Europe,Europe,Sales & Marketing,4.0,Manager,4,Manager,Mid Management,2.0,1.0,False,False,True,,False,True,True,True,2016-04-01,2"
"494,Female,20 to 29,Sweden,Europe,Europe,Sales & Marketing,6.0,Junior Officer,6,Junior Officer,Junior/IC,3.0,4.0,False,False,True,,False,False,True,True,2017-04-01,3"
"495,Female,20 to 29,Switzerland,Switzerland,Switzerland,Operations,6.0,Junior Officer,6,Junior Officer,Junior/IC,3.0,2.0,False,False,True,,False,False,True,True,2017-04-01,3"
"496,Male,20 to 29,Germany,Europe,Europe,Sales & Marketing,6.0,Junior Officer,6,Junior Officer,Junior/IC,3.0,4.0,False,False,True,,False,False,True,True,2017-04-01,3"
"497,Female,30 to 39,Austria,Europe,Europe,Operations,5.0,Senior Officer,5,Senior Officer,Junior/IC,3.0,2.0,False,False,True,,False,False,True,True,2011-04-01,2"
"498,Male,20 to 29,Canada,Americas,Elsewhere,Sales & Marketing,6.0,Junior Officer,6,Junior Officer,Junior/IC,3.0,2.0,False,False,True,,False,False,True,True,2018-04-01,2"
"499,Male,40 to 49,Spain,Europe,Europe,Finance,4.0,Manager,3,Senior Manager,Mid Management,1.0,2.0,False,False,True,,True,False,True,True,2016-04-01,1"
"500,Male,30 to 39,Switzerland,Switzerland,Switzerland,Sales & Marketing,4.0,Manager,4,Manager,Mid Management,3.0,2.0,False,False,True,,False,True,True,True,2011-04-01,9"
